latency_profile,side,horizon_ms,notional,samples,execution_rate_percent,mean_net_bps,positive_percent,mean_cost_bps,mean_depth_slippage_bps
FAST,LONG,250,100,7192,99.972191323693,-10.053336058898678,0.0,10.052488434617446,4.326576606994814e-05
FAST,LONG,500,100,7192,99.972191323693,-10.054486214196437,0.0,10.053981787894896,4.340283139042072e-05
FAST,LONG,1000,100,7192,99.94438264738598,-10.056541201368997,0.0,10.053680494419135,4.327778682677343e-05
FAST,LONG,3000,100,7192,99.81924360400446,-10.0625936617836,0.0,10.051859140363952,4.951995480848989e-05
FAST,LONG,5000,100,7192,99.72191323692992,-10.071356427887615,0.0,10.054425586406717,4.351234400354477e-05
FAST,LONG,15000,100,7192,99.15183537263626,-10.116364780703089,0.0,10.052480240929041,4.391126292684651e-05
FAST,LONG,30000,100,7192,98.31757508342604,-10.18947100062664,0.0,10.053505161114849,5.290631713260334e-05
FAST,LONG,60000,100,7192,96.64905450500557,-10.383306548757446,0.0,10.053509343985555,4.546193330784437e-05
FAST,LONG,250,500,7192,99.972191323693,-10.053479309496451,0.0,10.052631755533602,0.0001865866822258202
FAST,LONG,500,500,7192,99.972191323693,-10.05465574597155,0.0,10.054151403527001,0.00021301846349758811
FAST,LONG,1000,500,7192,99.94438264738598,-10.05668449653821,0.0,10.05382385519452,0.00018663856221064507
FAST,LONG,3000,500,7192,99.81924360400446,-10.062759104853205,0.0,10.052024676284454,0.00021505587531087407
FAST,LONG,5000,500,7192,99.72191323692992,-10.071526380537446,0.0,10.054595631494024,0.00021355743131045164
FAST,LONG,15000,500,7192,99.15183537263626,-10.116503508732313,0.0,10.05261904475694,0.0001827150908241036
FAST,LONG,30000,500,7192,98.31757508342604,-10.18967135902751,0.0,10.05370562224526,0.0002533674475455956
FAST,LONG,60000,500,7192,96.64905450500557,-10.38346423667741,0.0,10.053667140015788,0.00020325796354025332
FAST,LONG,250,1000,7192,99.972191323693,-10.053571234605762,0.0,10.052723726624603,0.0002785577732260743
FAST,LONG,500,1000,7192,99.972191323693,-10.054775170694374,0.0,10.054270888645211,0.00033250358170630216
FAST,LONG,1000,1000,7192,99.94438264738598,-10.056773882628718,0.0,10.05391328258885,0.0002760659565405638
FAST,LONG,3000,1000,7192,99.81924360400446,-10.062859146510846,0.0,10.052124770903925,0.00031515049478134566
FAST,LONG,5000,1000,7192,99.72191323692992,-10.07164610515659,0.0,10.054715417661663,0.0003333435989506928
FAST,LONG,15000,1000,7192,99.15183537263626,-10.116595205417587,0.0,10.052710791184106,0.0002744615179910885
FAST,LONG,30000,1000,7192,98.31757508342604,-10.189795682812237,0.0,10.05383001120509,0.00037775640737541143
FAST,LONG,60000,1000,7192,96.64905450500557,-10.38356558941731,0.0,10.053768559157449,0.00030467710520269914
FAST,SHORT,250,100,7192,99.972191323693,-10.052173890926953,0.0,10.052882750722992,3.311940744342999e-05
FAST,SHORT,500,100,7192,99.972191323693,-10.0510710069901,0.0,10.05156252346785,1.5359510749516275e-05
FAST,SHORT,1000,100,7192,99.94438264738598,-10.04901385299543,0.0,10.05187106744017,1.5363784403035898e-05
FAST,SHORT,3000,100,7192,99.81924360400446,-10.04293118540024,0.0,10.053543430825364,4.370127379110792e-05
FAST,SHORT,5000,100,7192,99.72191323692992,-10.034184145406554,0.0,10.051119098708858,1.5398059437956222e-05
FAST,SHORT,15000,100,7192,99.15183537263626,-9.989078309235403,0.0,10.052886659625452,2.9075220191527167e-05
FAST,SHORT,30000,100,7192,98.31757508342604,-9.915911337468968,0.0,10.051881174820918,2.559737139223849e-05
FAST,SHORT,60000,100,7192,96.64905450500557,-9.72187508327531,0.546683930369731,10.051869958132173,2.762329195356848e-05
FAST,SHORT,250,500,7192,99.972191323693,-10.05228802862177,0.0,10.052996829820424,0.00014719850487548527
FAST,SHORT,500,500,7192,99.972191323693,-10.051129517308283,0.0,10.05162100434578,7.384038868040204e-05
FAST,SHORT,1000,500,7192,99.94438264738598,-10.04907238032262,0.0,10.051929565317376,7.386166161002045e-05
FAST,SHORT,3000,500,7192,99.81924360400446,-10.043085518379149,0.0,10.0536976759141,0.00019794636252713166
FAST,SHORT,5000,500,7192,99.72191323692992,-10.034242798719506,0.0,10.051177724863214,7.402421379224039e-05
FAST,SHORT,15000,500,7192,99.15183537263626,-9.989162144827805,0.0,10.052970447325958,0.000112862920696431
FAST,SHORT,30000,500,7192,98.31757508342604,-9.916007674768675,0.0,10.051977477497546,0.0001219000480197838
FAST,SHORT,60000,500,7192,96.64905450500557,-9.721953461242975,0.546683930369731,10.05194831232751,0.00010597748729304934
FAST,SHORT,250,1000,7192,99.972191323693,-10.05239507033035,0.0,10.053103816583567,0.00025418526801729643
FAST,SHORT,500,1000,7192,99.972191323693,-10.051176121645701,0.0,10.051667585423477,0.0001204214663761538
FAST,SHORT,1000,1000,7192,99.94438264738598,-10.049127156493142,0.0,10.051984312553135,0.00012860889736695855
FAST,SHORT,3000,1000,7192,99.81924360400446,-10.043205461939074,0.0,10.05381756250917,0.0003178329575989577
FAST,SHORT,5000,1000,7192,99.72191323692992,-10.034289508142033,0.0,10.051224416933696,0.00012071628427502598
FAST,SHORT,15000,1000,7192,99.15183537263626,-9.989254520543803,0.0,10.053062781896074,0.00020519749081089614
FAST,SHORT,30000,1000,7192,98.31757508342604,-9.916097872156941,0.0,10.052067657324702,0.00021207987517599122
FAST,SHORT,60000,1000,7192,96.64905450500557,-9.722043670572507,0.546683930369731,10.052038496335404,0.00019616149518639033
NORMAL,LONG,250,100,7192,99.972191323693,-10.053336058898678,0.0,10.052488434617446,4.326576606994814e-05
NORMAL,LONG,500,100,7192,99.95828698553949,-10.05460501566852,0.0,10.054072590107708,4.546878859121763e-05
NORMAL,LONG,1000,100,7192,99.94438264738598,-10.056541201368997,0.0,10.053680494419135,4.327778682677343e-05
NORMAL,LONG,3000,100,7192,99.81924360400446,-10.0625936617836,0.0,10.051859140363952,4.951995480848989e-05
NORMAL,LONG,5000,100,7192,99.72191323692992,-10.072060618031266,0.0,10.055134475839264,4.254053058961097e-05
NORMAL,LONG,15000,100,7192,99.15183537263626,-10.116216788505861,0.0,10.052332189549208,4.391126292684651e-05
NORMAL,LONG,30000,100,7192,98.31757508342604,-10.18944518354012,0.0,10.053479592190468,4.9977415028113946e-05
NORMAL,LONG,60000,100,7192,96.64905450500557,-10.383390082325924,0.0,10.053592908682697,4.546193330784437e-05
NORMAL,LONG,250,500,7192,99.972191323693,-10.053479309496451,0.0,10.052631755533602,0.0001865866822258202
NORMAL,LONG,500,500,7192,99.95828698553949,-10.054752191027774,0.0,10.054219834711995,0.00019271339287849106
NORMAL,LONG,1000,500,7192,99.94438264738598,-10.05668449653821,0.0,10.05382385519452,0.00018663856221064507
NORMAL,LONG,3000,500,7192,99.81924360400446,-10.062759104853205,0.0,10.052024676284454,0.00021505587531087407
NORMAL,LONG,5000,500,7192,99.72191323692992,-10.072204720119291,0.0,10.055278658573362,0.00018672326468935647
NORMAL,LONG,15000,500,7192,99.15183537263626,-10.116355516535085,0.0,10.052470993377105,0.0001827150908241036
NORMAL,LONG,30000,500,7192,98.31757508342604,-10.189618895549373,0.0,10.053653404206393,0.00022378943095307174
NORMAL,LONG,60000,500,7192,96.64905450500557,-10.383547770245888,0.0,10.053750704712929,0.00020325796354025332
NORMAL,LONG,250,1000,7192,99.972191323693,-10.053571234605762,0.0,10.052723726624603,0.0002785577732260743
NORMAL,LONG,500,1000,7192,99.95828698553949,-10.054848035108032,0.0,10.054315724552472,0.0002886032333540651
NORMAL,LONG,1000,1000,7192,99.94438264738598,-10.056773882628718,0.0,10.05391328258885,0.0002760659565405638
NORMAL,LONG,3000,1000,7192,99.81924360400446,-10.062859146510846,0.0,10.052124770903925,0.00031515049478134566
NORMAL,LONG,5000,1000,7192,99.72191323692992,-10.072297757924877,0.0,10.055371746299047,0.00027981099037378056
NORMAL,LONG,15000,1000,7192,99.15183537263626,-10.116447213220361,0.0,10.052562739804273,0.0002744615179910885
NORMAL,LONG,30000,1000,7192,98.31757508342604,-10.189724746141897,0.0,10.053759319423568,0.00032970464812860683
NORMAL,LONG,60000,1000,7192,96.64905450500557,-10.38364912298579,0.0,10.05385212385459,0.00030467710520269914
NORMAL,SHORT,250,100,7192,99.972191323693,-10.052173890926953,0.0,10.052882750722992,3.311940744342999e-05
NORMAL,SHORT,500,100,7192,99.95828698553949,-10.050929551956035,0.0,10.05139050162056,4.945224834864662e-05
NORMAL,SHORT,1000,100,7192,99.94438264738598,-10.04901385299543,0.0,10.05187106744017,1.5363784403035898e-05
NORMAL,SHORT,3000,100,7192,99.81924360400446,-10.04293118540024,0.0,10.053543430825364,4.370127379110792e-05
NORMAL,SHORT,5000,100,7192,99.72191323692992,-10.033517505320916,0.0,10.050455812986531,4.72475912298227e-05
NORMAL,SHORT,15000,100,7192,99.15183537263626,-9.989226450280942,0.0,10.053034710223677,2.9075220191527167e-05
NORMAL,SHORT,30000,100,7192,98.31757508342604,-9.915939970579112,0.0,10.05190953360082,3.1316250628505874e-05
NORMAL,SHORT,60000,100,7192,96.64905450500557,-9.721791465689874,0.546683930369731,10.051786393876073,2.762329195356848e-05
NORMAL,SHORT,250,500,7192,99.972191323693,-10.05228802862177,0.0,10.052996829820424,0.00014719850487548527
NORMAL,SHORT,500,500,7192,99.95828698553949,-10.05109494953136,0.0,10.051555811730966,0.00021476235875455638
NORMAL,SHORT,1000,500,7192,99.94438264738598,-10.04907238032262,0.0,10.051929565317376,7.386166161002045e-05
NORMAL,SHORT,3000,500,7192,99.81924360400446,-10.043085518379149,0.0,10.0536976759141,0.00019794636252713166
NORMAL,SHORT,5000,500,7192,99.72191323692992,-10.033649116952006,0.0,10.050587348889291,0.00017878349398997416
NORMAL,SHORT,15000,500,7192,99.15183537263626,-9.989310285873344,0.0,10.053118497924183,0.000112862920696431
NORMAL,SHORT,30000,500,7192,98.31757508342604,-9.916043665556254,0.0,10.052013190452348,0.0001349731021561799
NORMAL,SHORT,60000,500,7192,96.64905450500557,-9.721869843657542,0.546683930369731,10.051864748071413,0.00010597748729304934
NORMAL,SHORT,250,1000,7192,99.972191323693,-10.05239507033035,0.0,10.053103816583567,0.00025418526801729643
NORMAL,SHORT,500,1000,7192,99.95828698553949,-10.051203706616388,0.0,10.051664511346134,0.0003234619739221732
NORMAL,SHORT,1000,1000,7192,99.94438264738598,-10.049127156493142,0.0,10.051984312553135,0.00012860889736695855
NORMAL,SHORT,3000,1000,7192,99.81924360400446,-10.043205461939074,0.0,10.05381756250917,0.0003178329575989577
NORMAL,SHORT,5000,1000,7192,99.72191323692992,-10.03373755082075,0.0,10.050675738138548,0.0002671727432451308
NORMAL,SHORT,15000,1000,7192,99.15183537263626,-9.98940266158934,0.0,10.0532108324943,0.00020519749081089614
NORMAL,SHORT,30000,1000,7192,98.31757508342604,-9.916134782654197,0.0,10.052104289551366,0.0002260722011749034
NORMAL,SHORT,60000,1000,7192,96.64905450500557,-9.721960052987072,0.546683930369731,10.051954932079306,0.00019616149518639033
STRESSED,LONG,250,100,7192,99.972191323693,-10.052475012127976,0.0,10.051667382355431,2.3625830504869657e-05
STRESSED,LONG,500,100,7192,99.95828698553949,-10.053252270990775,0.0,10.052750555050414,1.7832176374840698e-05
STRESSED,LONG,1000,100,7192,99.93047830923248,-10.055802193301716,0.0,10.052944174617371,2.0895824084593756e-05
STRESSED,LONG,3000,100,7192,99.81924360400446,-10.063018438461093,0.0,10.052317395779934,1.7897073169129848e-05
STRESSED,LONG,5000,100,7192,99.70800889877641,-10.070099584245018,0.0,10.053095781283902,1.7875714245228324e-05
STRESSED,LONG,15000,100,7192,99.15183537263626,-10.116688123362014,0.0,10.052844543192645,1.828689398064149e-05
STRESSED,LONG,30000,100,7192,98.31757508342604,-10.188236761016682,0.0,10.052299959476898,1.8030276433576816e-05
STRESSED,LONG,60000,100,7192,96.64905450500557,-10.38223655321084,0.0,10.052507494958633,2.117716772692495e-05
STRESSED,LONG,250,500,7192,99.972191323693,-10.052518967051617,0.0,10.051711360486062,6.760396113539879e-05
STRESSED,LONG,500,500,7192,99.95828698553949,-10.053300390298991,0.0,10.052798700425182,6.597755114272205e-05
STRESSED,LONG,1000,500,7192,99.93047830923248,-10.055842495283041,0.0,10.052984497754744,6.121896145734188e-05
STRESSED,LONG,3000,500,7192,99.81924360400446,-10.063057371279005,0.0,10.05235634545679,5.684675002469143e-05
STRESSED,LONG,5000,500,7192,99.70800889877641,-10.070147822331228,0.0,10.053144047141034,6.614157137590891e-05
STRESSED,LONG,15000,500,7192,99.15183537263626,-10.116725024006923,0.0,10.052881479261652,5.522296298762508e-05
STRESSED,LONG,30000,500,7192,98.31757508342604,-10.188253387036498,0.0,10.052316594236999,3.4665036533905215e-05
STRESSED,LONG,60000,500,7192,96.64905450500557,-10.382262826621623,0.0,10.052533784276257,4.746648535068015e-05
STRESSED,LONG,250,1000,7192,99.972191323693,-10.052568358294963,0.0,10.05176077606795,0.00011701954302608998
STRESSED,LONG,500,1000,7192,99.95828698553949,-10.053351711942495,0.0,10.052850047434175,0.00011732456013434408
STRESSED,LONG,1000,1000,7192,99.93047830923248,-10.055892551800248,0.0,10.05303457869941,0.00011129990612517414
STRESSED,LONG,3000,1000,7192,99.81924360400446,-10.063118853308339,0.0,10.052417855241728,0.00011835653496402245
STRESSED,LONG,5000,1000,7192,99.70800889877641,-10.070199277531254,0.0,10.053195527784343,0.00011762221468524488
STRESSED,LONG,15000,1000,7192,99.15183537263626,-10.116773901165146,0.0,10.052930387126118,0.00010413082745264816
STRESSED,LONG,30000,1000,7192,98.31757508342604,-10.188294507339723,0.0,10.052357746225862,7.58170253989785e-05
STRESSED,LONG,60000,1000,7192,96.64905450500557,-10.382306143968982,0.0,10.052577133503428,9.081571252386274e-05
STRESSED,SHORT,250,100,7192,99.972191323693,-10.053097968662925,0.0,10.05384662367545,3.4195390448630886e-05
STRESSED,SHORT,500,100,7192,99.95828698553949,-10.052318123217754,0.0,10.052813011615669,4.5508247101673906e-05
STRESSED,SHORT,1000,100,7192,99.93047830923248,-10.04977519394608,0.0,10.052636303029985,5.1976605823855564e-05
STRESSED,SHORT,3000,100,7192,99.81924360400446,-10.042520492437795,0.0,10.05316579353304,2.3719331311701426e-05
STRESSED,SHORT,5000,100,7192,99.70800889877641,-10.035460691344683,0.0,10.052474678353816,5.2096007900558995e-05
STRESSED,SHORT,15000,100,7192,99.15183537263626,-9.988820134063669,0.0,10.052669180104424,3.8795259708868544e-05
STRESSED,SHORT,30000,100,7192,98.31757508342604,-9.917188881784478,0.0,10.05318807649067,4.284452715802592e-05
STRESSED,SHORT,60000,100,7192,96.64905450500557,-9.723072878029356,0.546683930369731,10.053135053961661,4.2005107014576395e-05
STRESSED,SHORT,250,500,7192,99.972191323693,-10.053197336820924,0.0,10.053945941908566,0.000133513623565338
STRESSED,SHORT,500,500,7192,99.95828698553949,-10.052465343807746,0.0,10.052960158082833,0.00019265471426363362
STRESSED,SHORT,1000,500,7192,99.93047830923248,-10.049930182700681,0.0,10.052791211743804,0.00020688531964339034
STRESSED,SHORT,3000,500,7192,99.81924360400446,-10.04258000203048,0.0,10.053225271528959,8.319732723181694e-05
STRESSED,SHORT,5000,500,7192,99.70800889877641,-10.035616042969677,0.0,10.052629934559159,0.0002073522132441245
STRESSED,SHORT,15000,500,7192,99.15183537263626,-9.988951578113664,0.0,10.052800552142163,0.00017016729744630352
STRESSED,SHORT,30000,500,7192,98.31757508342604,-9.917288096001881,0.0,10.053287244077108,0.00014201211359457196
STRESSED,SHORT,60000,500,7192,96.64905450500557,-9.723193388862926,0.546683930369731,10.053255536471665,0.00016248761701870377
STRESSED,SHORT,250,1000,7192,99.972191323693,-10.053284501610921,0.0,10.05403306344371,0.00022063515870857336
STRESSED,SHORT,500,1000,7192,99.95828698553949,-10.052583753616165,0.0,10.053078507573304,0.0003110042047349226
STRESSED,SHORT,1000,1000,7192,99.93047830923248,-10.0500443841354,0.0,10.052905352851313,0.0003210264271533794
STRESSED,SHORT,3000,1000,7192,99.81924360400446,-10.042654538295617,0.0,10.05329977332806,0.00015769912633390392
STRESSED,SHORT,5000,1000,7192,99.70800889877641,-10.035738667223999,0.0,10.052752491878545,0.0003299095326306761
STRESSED,SHORT,15000,1000,7192,99.15183537263626,-9.989055000342496,0.0,10.052903923813217,0.00027353896850167413
STRESSED,SHORT,30000,1000,7192,98.31757508342604,-9.917391157450638,0.0,10.053390264453212,0.0002450324896982219
STRESSED,SHORT,60000,1000,7192,96.64905450500557,-9.723299776171405,0.546683930369731,10.053361902289002,0.00026885343435338783
