side,horizon_ms,notional,regime,samples,executable_percent,mean_net_return_bps,median_net_return_bps,positive_percent,p10_net_return_bps,p90_net_return_bps,mean_mfe_bps,mean_mae_bps,average_cost_bps,average_depth_slippage_bps
LONG,250,100,EXTREME,1782,100.0,-10.050590361856443,-10.052687899969426,0.0,-10.052765782221707,-10.052625759506334,-7.945634656899858,-12.479387201715184,10.04889224266622,0.00014859057673754288
LONG,250,100,HIGH,1805,99.88919667590028,-10.047690649168665,-10.052683734193563,0.0,-10.052754642091818,-10.052622157640084,-8.19835858656913,-12.753924398303472,10.051163935700037,-7.189994348188252e-25
LONG,250,100,LOW,3232,100.0,-10.057301901173373,-10.052675959840839,0.0,-10.05275074415757,-10.052618833278055,-8.132759040517707,-12.038216643358737,10.055912082500162,5.4625910974792786e-06
LONG,250,100,MEDIUM,373,100.0,-10.059378696005014,-10.052664302612929,0.0,-10.052732097729804,-10.052615509336029,-9.138195114691516,-12.8816356713179,10.046406010081874,7.677575300153527e-05
LONG,250,1000,EXTREME,1782,100.0,-10.05141049266254,-10.052687899969426,0.0,-10.052765782221707,-10.052625759506334,-7.946531969935706,-12.480092016534504,10.04971277585105,0.0009691237615685985
LONG,250,1000,HIGH,1805,99.88919667590028,-10.047700886877417,-10.052683734193563,0.0,-10.052754642091818,-10.052622157640084,-8.198375050113889,-12.753924398303472,10.051174178719373,1.0243019337291208e-05
LONG,250,1000,LOW,3232,100.0,-10.057325822981598,-10.052675959840839,0.0,-10.05275074415757,-10.052618833278055,-8.132759040517707,-12.038243817977452,10.055936017598569,2.9397689502868202e-05
LONG,250,1000,MEDIUM,373,100.0,-10.059737050869385,-10.052664302612929,0.0,-10.052732097729804,-10.052615509336029,-9.13841442057166,-12.881854949490707,10.046764543578314,0.0004353092494418915
LONG,250,500,EXTREME,1782,100.0,-10.05108276402464,-10.052687899969426,0.0,-10.052765782221707,-10.052625759506334,-7.946139025779514,-12.479785609480684,10.049384884077623,0.0006412319881408699
LONG,250,500,HIGH,1805,99.88919667590028,-10.047690649168665,-10.052683734193563,0.0,-10.052754642091818,-10.052622157640084,-8.198373220831137,-12.753924398303472,10.051163935700037,0.0
LONG,250,500,LOW,3232,100.0,-10.057322637702237,-10.052675959840839,0.0,-10.05275074415757,-10.052618833278055,-8.132759040517707,-12.03823738709508,10.055932830549569,2.62106405033461e-05
LONG,250,500,MEDIUM,373,100.0,-10.059607893519694,-10.052664302612929,0.0,-10.052732097729804,-10.052615509336029,-9.138351415290794,-12.881791952169996,10.046635320259783,0.00030608593091099824
LONG,500,100,EXTREME,1782,100.0,-10.049339443750945,-10.0526869278965,0.0,-10.052772468558274,-10.052616063297203,-7.945634656899858,-12.479387201715184,10.051153640479825,0.00017237298102307523
LONG,500,100,HIGH,1805,99.83379501385042,-10.04757189864256,-10.052683734193563,0.0,-10.052771911298839,-10.052618833278055,-8.19835858656913,-12.753924398303472,10.054149833150722,-7.281573288661783e-25
LONG,500,100,LOW,3232,100.0,-10.058638032028789,-10.052674016611155,0.0,-10.052754642091818,-10.052618002253178,-8.132759040517707,-12.038216643358737,10.055145960241463,6.0972985764676486e-06
LONG,500,100,MEDIUM,373,100.0,-10.078793265431264,-10.052664302612929,0.0,-10.052760491396246,-10.052615509336029,-9.138195114691516,-12.8816356713179,10.058344021746,-2.5374818607659027e-25
LONG,500,1000,EXTREME,1782,100.0,-10.05023388739794,-10.0526869278965,0.0,-10.052772468558274,-10.052616063297203,-7.946531969935706,-12.480092016534504,10.052048502761895,0.0010672352630940619
LONG,500,1000,HIGH,1805,99.83379501385042,-10.04759505445877,-10.052683734193563,0.0,-10.052771911298839,-10.052618833278055,-8.198375050113889,-12.753924398303472,10.054173001794535,2.3168643813034876e-05
LONG,500,1000,LOW,3232,100.0,-10.058647216766342,-10.052674016611155,0.0,-10.052754642091818,-10.052618002253178,-8.132759040517707,-12.038243817977452,10.055155150954173,1.528801128531513e-05
LONG,500,1000,MEDIUM,373,100.0,-10.079012451273412,-10.052664302612929,0.0,-10.052760491396246,-10.052615509336029,-9.13841442057166,-12.881854949490707,10.058563310370998,0.00021928862499605414
LONG,500,500,EXTREME,1782,100.0,-10.049885677597462,-10.0526869278965,0.0,-10.052772468558274,-10.052616063297203,-7.946139025779514,-12.479785609480684,10.051700128787543,0.0007188612887410121
LONG,500,500,HIGH,1805,99.83379501385042,-10.04757189864256,-10.052683734193563,0.0,-10.052771911298839,-10.052618833278055,-8.198373220831137,-12.753924398303472,10.054149833150722,0.0
LONG,500,500,LOW,3232,100.0,-10.058646196239948,-10.052674016611155,0.0,-10.052754642091818,-10.052618002253178,-8.132759040517707,-12.03823738709508,10.05515412976387,1.4266820984332077e-05
LONG,500,500,MEDIUM,373,100.0,-10.078949480478752,-10.052664302612929,0.0,-10.052760491396246,-10.052615509336029,-9.138351415290794,-12.881791952169996,10.058500309680172,0.00015628793417058322
LONG,1000,100,EXTREME,1782,99.94388327721661,-10.048536948066957,-10.05268567814032,0.0,-10.052781665038419,-9.84181705959622,-7.945634656899858,-12.479387201715184,10.052473744842915,0.00014867400771830511
LONG,1000,100,HIGH,1805,99.83379501385042,-10.048149970055823,-10.052681512809441,0.0,-10.052778041799998,-10.05260969344787,-8.19835858656913,-12.753924398303472,10.055330123120422,-7.047097706713218e-25
LONG,1000,100,LOW,3232,100.0,-10.06189719581324,-10.052674016611155,0.0,-10.05276076858108,-10.052616063297203,-8.132759040517707,-12.038216643358737,10.053792291504502,5.4625910974792786e-06
LONG,1000,100,MEDIUM,373,100.0,-10.088889726606206,-10.052664302612929,0.0,-10.158022049833466,-10.052615509336029,-9.138195114691516,-12.8816356713179,10.050504252852454,7.677541430963269e-05
LONG,1000,1000,EXTREME,1782,99.94388327721661,-10.049357572167576,-10.05268567814032,0.0,-10.052781665038419,-9.841839587311298,-7.946531969935706,-12.480092016534504,10.053294738742618,0.000969667907420125
LONG,1000,1000,HIGH,1805,99.83379501385042,-10.048149970055823,-10.052681512809441,0.0,-10.052778041799998,-10.05260969344787,-8.198375050113889,-12.753924398303472,10.055330123120422,-7.047097706713218e-25
LONG,1000,1000,LOW,3232,100.0,-10.061921117621464,-10.052674016611155,0.0,-10.05276076858108,-10.052616063297203,-8.132759040517707,-12.038243817977452,10.053816226602907,2.9397689502868202e-05
LONG,1000,1000,MEDIUM,373,100.0,-10.089248080728177,-10.052664302612929,0.0,-10.158022049833466,-10.052615509336029,-9.13841442057166,-12.881854949490707,10.050862786339017,0.0004353089008714751
LONG,1000,500,EXTREME,1782,99.94388327721661,-10.049029645887822,-10.05268567814032,0.0,-10.052781665038419,-9.841839587311298,-7.946139025779514,-12.479785609480684,10.052966662863758,0.0006415920285609379
LONG,1000,500,HIGH,1805,99.83379501385042,-10.048149970055823,-10.052681512809441,0.0,-10.052778041799998,-10.05260969344787,-8.198373220831137,-12.753924398303472,10.055330123120422,0.0
LONG,1000,500,LOW,3232,100.0,-10.061917932342103,-10.052674016611155,0.0,-10.05276076858108,-10.052616063297203,-8.132759040517707,-12.03823738709508,10.053813039553908,2.62106405033461e-05
LONG,1000,500,MEDIUM,373,100.0,-10.089118923378486,-10.052664302612929,0.0,-10.158022049833466,-10.052615509336029,-9.138351415290794,-12.881791952169996,10.050733562671915,0.00030608523377016544
LONG,3000,100,EXTREME,1782,99.43883277216611,-10.027234021545619,-10.05268567814032,0.0,-10.78964000737366,-9.261795412504338,-7.945634656899858,-12.479387201715184,10.04624869624173,0.00016221534478647677
LONG,3000,100,HIGH,1805,99.83379501385042,-10.06086131909137,-10.052677070322176,0.0,-10.737425739742612,-9.315169211470856,-8.19835858656913,-12.753924398303472,10.05528061350156,2.187621258103171e-05
LONG,3000,100,LOW,3232,100.0,-10.059286079498506,-10.052673461429007,0.0,-10.627049413094428,-9.525806400598837,-8.132759040517707,-12.038216643358737,10.052058127080123,-1.0024354758090265e-24
LONG,3000,100,MEDIUM,373,100.0,-10.267604573254204,-10.052664580106015,0.0,-11.053480332223112,-9.842150148189873,-9.138195114691516,-12.8816356713179,10.060258838283357,7.677541430963269e-05
LONG,3000,1000,EXTREME,1782,99.43883277216611,-10.02810133536528,-10.05268567814032,0.0,-10.78964000737366,-9.261795412504338,-7.946531969935706,-12.480092016534504,10.047116469776467,0.0010299888795239282
LONG,3000,1000,HIGH,1805,99.83379501385042,-10.060919621999075,-10.052677070322176,0.0,-10.737425739742612,-9.315169211470856,-8.198375050113889,-12.753924398303472,10.055338947720378,8.021043139989657e-05
LONG,3000,1000,LOW,3232,100.0,-10.059326397209295,-10.052673461429007,0.0,-10.627049413094428,-9.525806400598837,-8.132759040517707,-12.038243817977452,10.05209847846939,4.0351389267080985e-05
LONG,3000,1000,MEDIUM,373,100.0,-10.267962927376177,-10.052664580106015,0.0,-11.053480332223112,-9.842150148189873,-9.13841442057166,-12.881854949490707,10.060617371769919,0.0004353089008714751
LONG,3000,500,EXTREME,1782,99.43883277216611,-10.027746570027897,-10.05268567814032,0.0,-10.78964000737366,-9.261795412504338,-7.946139025779514,-12.479785609480684,10.046761521001232,0.000675040104288726
LONG,3000,500,HIGH,1805,99.83379501385042,-10.060912078622728,-10.052677070322176,0.0,-10.737425739742612,-9.315169211470856,-8.198373220831137,-12.753924398303472,10.055331400340544,7.266305156543829e-05
LONG,3000,500,LOW,3232,100.0,-10.059317800047554,-10.052673461429007,0.0,-10.627049413094428,-9.525806400598837,-8.132759040517707,-12.03823738709508,10.052089874126207,3.174704608290563e-05
LONG,3000,500,MEDIUM,373,100.0,-10.267833770026483,-10.052664580106015,0.0,-11.053480332223112,-9.842150148189873,-9.138351415290794,-12.881791952169996,10.060488148102817,0.00030608523377016544
LONG,5000,100,EXTREME,1782,99.04601571268238,-10.040542125678506,-10.052688177711241,0.0,-10.980112438901616,-8.997439552317601,-7.945634656899858,-12.479387201715184,10.055792736897182,0.00016285869176296705
LONG,5000,100,HIGH,1805,99.83379501385042,-10.070135953114061,-10.052675959840839,0.0,-11.106055256654143,-9.156765124843236,-8.19835858656913,-12.753924398303472,10.057350490188174,-9.006827267385013e-25
LONG,5000,100,LOW,3232,100.0,-10.054472365329524,-10.052670963254164,0.0,-11.001909856866252,-9.104300978908915,-8.132759040517707,-12.038216643358737,10.054801004449248,5.4625910974792786e-06
LONG,5000,100,MEDIUM,373,100.0,-10.38290141673222,-10.052712074466683,0.0,-11.315387733400716,-9.684280351887631,-9.138195114691516,-12.8816356713179,10.044203352269719,-2.398795837115871e-25
LONG,5000,1000,EXTREME,1782,99.04601571268238,-10.041415607669258,-10.052688177711241,0.0,-10.980112438901616,-8.997439552317601,-7.946531969935706,-12.480092016534504,10.056666703380131,0.0010368251747104565
LONG,5000,1000,HIGH,1805,99.83379501385042,-10.070135953114061,-10.052675959840839,0.0,-11.106055256654143,-9.156765124843236,-8.198375050113889,-12.753924398303472,10.057350490188174,-9.006827267385013e-25
LONG,5000,1000,LOW,3232,100.0,-10.054496287137749,-10.052670963254164,0.0,-11.001909856866252,-9.104300978908915,-8.132759040517707,-12.038243817977452,10.054824939547654,2.9397689502868202e-05
LONG,5000,1000,MEDIUM,373,100.0,-10.383120602574369,-10.052712074466683,0.0,-11.315387733400716,-9.684280351887631,-9.13841442057166,-12.881854949490707,10.044422640894714,0.00021928862499605414
LONG,5000,500,EXTREME,1782,99.04601571268238,-10.04105669310135,-10.052688177711241,0.0,-10.980112438901616,-8.997439552317601,-7.946139025779514,-12.479785609480684,10.056307595522586,0.0006777173171669249
LONG,5000,500,HIGH,1805,99.83379501385042,-10.070135953114061,-10.052675959840839,0.0,-11.106055256654143,-9.156765124843236,-8.198373220831137,-12.753924398303472,10.057350490188174,0.0
LONG,5000,500,LOW,3232,100.0,-10.054493101858386,-10.052670963254164,0.0,-11.001909856866252,-9.104300978908915,-8.132759040517707,-12.03823738709508,10.054821752498654,2.62106405033461e-05
LONG,5000,500,MEDIUM,373,100.0,-10.38305763177971,-10.052712074466683,0.0,-11.315387733400716,-9.684280351887631,-9.138351415290794,-12.881791952169996,10.044359640203888,0.00015628793417058322
LONG,15000,100,EXTREME,1782,98.4287317620651,-10.128309917872695,-10.052664025122768,0.0,-12.422302654801983,-7.998904115362933,-7.945634656899858,-12.479387201715184,10.048527819082228,0.0001509599264072825
LONG,15000,100,HIGH,1805,99.77839335180056,-10.193774829870184,-10.05267373901862,0.0,-12.42383505458993,-8.314315981427118,-8.19835858656913,-12.753924398303472,10.058160560166412,2.6844811223192105e-05
LONG,15000,100,LOW,3232,99.10272277227723,-10.005385070037333,-10.052637954097808,0.0,-11.738077672972546,-8.156409418609554,-8.132759040517707,-12.038216643358737,10.050339446096661,-1.1645228675531043e-24
LONG,15000,100,MEDIUM,373,100.0,-10.636593766650964,-10.105328605225859,0.0,-12.95187617013422,-8.26249027664319,-9.138195114691516,-12.8816356713179,10.059192049055936,-7.057477008259616e-25
LONG,15000,1000,EXTREME,1782,98.4287317620651,-10.129079304098191,-10.052664025122768,0.0,-12.422302654801983,-7.998904115362933,-7.946531969935706,-12.480092016534504,10.049297604109656,0.0009207449538341586
LONG,15000,1000,HIGH,1805,99.77839335180056,-10.193820139165512,-10.05267373901862,0.0,-12.42383505458993,-8.314315981427118,-8.198375050113889,-12.753924398303472,10.05820589183936,7.217648417312325e-05
LONG,15000,1000,LOW,3232,99.10272277227723,-10.005385070037333,-10.052637954097808,0.0,-11.738077672972546,-8.156409418609554,-8.132759040517707,-12.038243817977452,10.050339446096661,-1.1645228675531043e-24
LONG,15000,1000,MEDIUM,373,100.0,-10.637162273778799,-10.105328605225859,0.0,-12.95187617013422,-8.26249027664319,-9.13841442057166,-12.881854949490707,10.059760972883748,0.0005689238278111061
LONG,15000,500,EXTREME,1782,98.4287317620651,-10.128751693492035,-10.052664025122768,0.0,-12.422302654801983,-7.998904115362933,-7.946139025779514,-12.479785609480684,10.04896981887976,0.0005929597239402694
LONG,15000,500,HIGH,1805,99.77839335180056,-10.1938046000615,-10.05267373901862,0.0,-12.42383505458993,-8.314315981427118,-8.198373220831137,-12.753924398303472,10.058190345906779,5.6630551589258364e-05
LONG,15000,500,LOW,3232,99.10272277227723,-10.005385070037333,-10.052637954097808,0.0,-11.738077672972546,-8.156409418609554,-8.132759040517707,-12.03823738709508,10.050339446096661,0.0
LONG,15000,500,MEDIUM,373,100.0,-10.637024809614823,-10.105328605225859,0.0,-12.95187617013422,-8.26249027664319,-9.138351415290794,-12.881791952169996,10.059623411880233,0.00043136282429811205
LONG,30000,100,EXTREME,1782,97.69921436588103,-10.106634140939912,-10.0,0.0,-13.477804723745255,-7.0525074119127735,-7.945634656899858,-12.479387201715184,10.05055305853992,0.00014076829107571173
LONG,30000,100,HIGH,1805,98.67036011080333,-10.40428603765977,-10.21067275112898,0.0,-13.324174083811092,-7.471500624535551,-8.19835858656913,-12.753924398303472,10.056497380119858,3.482178755231946e-05
LONG,30000,100,LOW,3232,98.26732673267327,-10.006305119683738,-10.052669297935912,0.0,-12.582183511101036,-7.364868783911331,-8.132759040517707,-12.038216643358737,10.05328579702819,1.4576543850849686e-05
LONG,30000,100,MEDIUM,373,100.0,-11.109539839807526,-11.212051711956809,0.0,-13.214351615097085,-8.208771920577275,-9.138195114691516,-12.8816356713179,10.0543801504177,-7.027942155149157e-26
LONG,30000,1000,EXTREME,1782,97.69921436588103,-10.107379427522838,-10.0,0.0,-13.477804723745255,-7.0525074119127735,-7.946531969935706,-12.480092016534504,10.05129867726518,0.0008863870163371856
LONG,30000,1000,HIGH,1805,98.67036011080333,-10.404548952807541,-10.21067275112898,0.0,-13.324174083811092,-7.471500624535551,-8.198375050113889,-12.753924398303472,10.056760568078857,0.00029800974655091046
LONG,30000,1000,LOW,3232,98.26732673267327,-10.006345809590966,-10.052669297935912,0.0,-12.582183511101036,-7.364868783911331,-8.132759040517707,-12.038243817977452,10.053326507561085,5.52870767454783e-05
LONG,30000,1000,MEDIUM,373,100.0,-11.109759036034733,-11.212051711956809,0.0,-13.214351615097085,-8.208771920577275,-9.13841442057166,-12.881854949490707,10.054599439042695,0.00021928862499605414
LONG,30000,500,EXTREME,1782,97.69921436588103,-10.10704189197864,-10.0,0.0,-13.477804723745255,-7.0525074119127735,-7.946139025779514,-12.479785609480684,10.050960956598448,0.0005486663496057884
LONG,30000,500,HIGH,1805,98.67036011080333,-10.4044914859181,-10.21067275112898,0.0,-13.324174083811092,-7.471500624535551,-8.198373220831137,-12.753924398303472,10.056703040448289,0.00024048211598244376
LONG,30000,500,LOW,3232,98.26732673267327,-10.006334794978901,-10.052669297935912,0.0,-12.582183511101036,-7.364868783911331,-8.132759040517707,-12.03823738709508,10.053315487771364,4.4267287026175324e-05
LONG,30000,500,MEDIUM,373,100.0,-11.109696062256509,-11.212051711956809,0.0,-13.214351615097085,-8.208771920577275,-9.138351415290794,-12.881791952169996,10.05453643835187,0.00015628793417058322
LONG,60000,100,EXTREME,1782,97.3063973063973,-10.302850487065633,-10.31621574593064,0.0,-14.989976824428577,-5.735943960182235,-7.945634656899858,-12.479387201715184,10.047862369532673,0.00014133655984014656
LONG,60000,100,HIGH,1805,97.5623268698061,-10.715991053970836,-10.632051559049973,0.0,-16.577388786522768,-5.9888052805280525,-8.19835858656913,-12.753924398303472,10.053047394863672,-5.865951523382601e-25
LONG,60000,100,LOW,3232,95.38985148514851,-10.085850368763262,-9.683959231425952,0.0,-14.372012500724642,-6.262705259055624,-8.132759040517707,-12.038216643358737,10.057029977968647,2.3006261323390227e-05
LONG,60000,100,MEDIUM,373,100.0,-11.646822479184761,-11.316607565323231,0.0,-15.429343670068297,-8.78855736569407,-9.138195114691516,-12.8816356713179,10.054399665017439,7.127439949770536e-26
LONG,60000,1000,EXTREME,1782,97.3063973063973,-10.303574658183354,-10.31621574593064,0.0,-14.989976824428577,-5.735943960182235,-7.946531969935706,-12.480092016534504,10.048586908588296,0.0008658756154634603
LONG,60000,1000,HIGH,1805,97.5623268698061,-10.716001491701109,-10.632051559049973,0.0,-16.577388786522768,-5.9888052805280525,-8.198375050113889,-12.753924398303472,10.05305784120439,1.0446340718328225e-05
LONG,60000,1000,LOW,3232,95.38985148514851,-10.085994623668496,-9.683959231425952,0.0,-14.372012500724642,-6.262705259055624,-8.132759040517707,-12.038243817977452,10.057174403292766,0.00016743158544334
LONG,60000,1000,MEDIUM,373,100.0,-11.647041675411963,-11.316607565323231,0.0,-15.429343670068297,-8.78855736569407,-9.13841442057166,-12.881854949490707,10.054618953642436,0.00021928862499605414
LONG,60000,500,EXTREME,1782,97.3063973063973,-10.303259841501545,-10.31621574593064,0.0,-14.989976824428577,-5.735943960182235,-7.946139025779514,-12.479785609480684,10.048271914238496,0.0005508812656653273
LONG,60000,500,HIGH,1805,97.5623268698061,-10.715991053970836,-10.632051559049973,0.0,-16.577388786522768,-5.9888052805280525,-8.198373220831137,-12.753924398303472,10.053047394863672,0.0
LONG,60000,500,LOW,3232,95.38985148514851,-10.085956757724121,-9.683959231425952,0.0,-14.372012500724642,-6.262705259055624,-8.132759040517707,-12.03823738709508,10.05713649573926,0.0001295240319360998
LONG,60000,500,MEDIUM,373,100.0,-11.646978701633738,-11.316607565323231,0.0,-15.429343670068297,-8.78855736569407,-9.138351415290794,-12.881791952169996,10.05455595295161,0.00015628793417058322
SHORT,250,100,EXTREME,1782,100.0,-10.05513826162191,-10.052741170268845,0.0,-10.05281968978661,-10.052680630587938,-7.624942305366811,-12.15920013216372,10.056834154080937,0.00010650096220513217
SHORT,250,100,HIGH,1805,99.88919667590028,-10.05774812183944,-10.052739224172013,0.0,-10.052824988516306,-10.05267536077752,-7.349930183009311,-11.906355437453339,10.053977234493901,-6.634720779199634e-25
SHORT,250,100,LOW,3232,100.0,-10.048125411161893,-10.05272782848831,0.0,-10.052803799973612,-10.052670923860113,-8.066485735249058,-11.971920009922968,10.049519893692239,6.0972985764676486e-06
SHORT,250,100,MEDIUM,373,100.0,-10.04614665148204,-10.052717271031582,0.0,-10.052778563633677,-10.052668428422527,-7.2224168430381965,-10.967026293143968,10.057853257158913,7.677575300153527e-05
SHORT,250,1000,EXTREME,1782,100.0,-10.055915474217556,-10.052741170268845,0.0,-10.05281968978661,-10.052680630587938,-7.625205409658206,-12.159473795054888,10.057610964554408,0.000883311435677502
SHORT,250,1000,HIGH,1805,99.88919667590028,-10.057771288548327,-10.052739224172013,0.0,-10.052824988516306,-10.05267536077752,-7.349953335808088,-11.906378575160401,10.054000390287662,2.315579376100324e-05
SHORT,250,1000,LOW,3232,100.0,-10.048134606073045,-10.05272782848831,0.0,-10.052803799973612,-10.052670923860113,-8.066494932045698,-11.971929199255186,10.049529084404949,1.528801128531513e-05
SHORT,250,1000,MEDIUM,373,100.0,-10.046505363374823,-10.052717271031582,0.0,-10.052778563633677,-10.052668428422527,-7.222556114667905,-10.967165531785513,10.058211790655353,0.0004353092494418915
SHORT,250,500,EXTREME,1782,100.0,-10.055535937449028,-10.052741170268845,0.0,-10.05281968978661,-10.052680630587938,-7.6251479265902935,-12.159405645473104,10.057231624405153,0.0005039712864217596
SHORT,250,500,HIGH,1805,99.88919667590028,-10.05774812183944,-10.052739224172013,0.0,-10.052824988516306,-10.05267536077752,-7.349930183009311,-11.906355437453339,10.053977234493901,0.0
SHORT,250,500,LOW,3232,100.0,-10.048133584413554,-10.05272782848831,0.0,-10.052803799973612,-10.052670923860113,-8.066493910179405,-11.971928178218274,10.049528063214646,1.4266820984332077e-05
SHORT,250,500,MEDIUM,373,100.0,-10.046376077091832,-10.052717271031582,0.0,-10.052778563633677,-10.052668428422527,-7.222489879314398,-10.967099312120649,10.058082567336822,0.00030608593091099824
SHORT,500,100,EXTREME,1782,100.0,-10.056490806308275,-10.052741170268845,0.0,-10.052831683168316,-10.052675083448284,-7.624942305366811,-12.15920013216372,10.054673064708222,0.00015340815313862822
SHORT,500,100,HIGH,1805,99.83379501385042,-10.057885759432251,-10.052739224172013,0.0,-10.052828056687858,-10.052674528798567,-7.349930183009311,-11.906355437453339,10.051009930422596,1.875419512578741e-05
SHORT,500,100,LOW,3232,100.0,-10.04678857087754,-10.052727689547318,0.0,-10.052807701848929,-10.052670923860113,-8.066485735249058,-11.971920009922968,10.050286657720187,6.0972985764676486e-06
SHORT,500,100,MEDIUM,373,100.0,-10.026635744229129,-10.052701720377998,0.0,-10.052781793051057,-10.052662329459324,-7.2224168430381965,-10.967026293143968,10.047111373906146,7.677575300153527e-05
SHORT,500,1000,EXTREME,1782,100.0,-10.057363714889746,-10.052741170268845,0.0,-10.052831683168316,-10.052675083448284,-7.625205409658206,-12.159473795054888,10.055545514491385,0.0010258579363024256
SHORT,500,1000,HIGH,1805,99.83379501385042,-10.058025524844147,-10.052739224172013,0.0,-10.052828056687858,-10.052674528798567,-7.349953335808088,-11.906378575160401,10.051149615786583,0.00015843955911188482
SHORT,500,1000,LOW,3232,100.0,-10.046797765788693,-10.052727689547318,0.0,-10.052807701848929,-10.052670923860113,-8.066494932045698,-11.971929199255186,10.050295848432897,1.528801128531513e-05
SHORT,500,1000,MEDIUM,373,100.0,-10.026994456121912,-10.052701720377998,0.0,-10.052781793051057,-10.052662329459324,-7.222556114667905,-10.967165531785513,10.047469907402585,0.0004353092494418915
SHORT,500,500,EXTREME,1782,100.0,-10.057035027541092,-10.052741170268845,0.0,-10.052831683168316,-10.052675083448284,-7.6251479265902935,-12.159405645473104,10.055217000282775,0.0006973437276931657
SHORT,500,500,HIGH,1805,99.83379501385042,-10.05794527620823,-10.052739224172013,0.0,-10.052828056687858,-10.052674528798567,-7.349930183009311,-11.906355437453339,10.051069411331072,7.823510359940119e-05
SHORT,500,500,LOW,3232,100.0,-10.046796744129201,-10.052727689547318,0.0,-10.052807701848929,-10.052670923860113,-8.066493910179405,-11.971928178218274,10.050294827242595,1.4266820984332077e-05
SHORT,500,500,MEDIUM,373,100.0,-10.02686516983892,-10.052701720377998,0.0,-10.052781793051057,-10.052662329459324,-7.222489879314398,-10.967099312120649,10.047340684084055,0.00030608593091099824
SHORT,1000,100,EXTREME,1782,99.94388327721661,-10.05712217835064,-10.052741170268845,0.0,-10.26390339632197,-10.052668982943777,-7.624942305366811,-12.15920013216372,10.053181109844852,3.486303055603926e-05
SHORT,1000,100,HIGH,1805,99.83379501385042,-10.05755192104415,-10.052740892246218,0.0,-10.05283252011913,-10.052671007046621,-7.349930183009311,-11.906355437453339,10.050337793299107,-5.966063943576962e-25
SHORT,1000,100,LOW,3232,100.0,-10.0435254946903,-10.052726994851147,0.0,-10.052813834532488,-10.052668982943777,-8.066485735249058,-11.971920009922968,10.051639708976241,6.0972985764676486e-06
SHORT,1000,100,MEDIUM,373,100.0,-10.016605938681074,-10.052701720377998,0.0,-10.052785134693103,-9.947273005148853,-7.2224168430381965,-10.967026293143968,10.05502797101893,7.677575300153527e-05
SHORT,1000,1000,EXTREME,1782,99.94388327721661,-10.057477236215087,-10.052741170268845,0.0,-10.26390339632197,-10.052668982943777,-7.625205409658206,-12.159473795054888,10.05353598280333,0.0003897359890352144
SHORT,1000,1000,HIGH,1805,99.83379501385042,-10.057607630450997,-10.052740892246218,0.0,-10.05283252011913,-10.052671007046621,-7.349953335808088,-11.906378575160401,10.05039347277325,5.567947414514172e-05
SHORT,1000,1000,LOW,3232,100.0,-10.043534689601454,-10.052726994851147,0.0,-10.052813834532488,-10.052668982943777,-8.066494932045698,-11.971929199255186,10.05164889968895,1.528801128531513e-05
SHORT,1000,1000,MEDIUM,373,100.0,-10.016745244796368,-10.052701720377998,0.0,-10.052785134693103,-9.947273005148853,-7.222556114667905,-10.967165531785513,10.055167215890375,0.0002160206244458374
SHORT,1000,500,EXTREME,1782,99.94388327721661,-10.057328258793731,-10.052741170268845,0.0,-10.26390339632197,-10.052668982943777,-7.6251479265902935,-12.159405645473104,10.053387084885854,0.00024083807155939974
SHORT,1000,500,HIGH,1805,99.83379501385042,-10.05755192104415,-10.052740892246218,0.0,-10.05283252011913,-10.052671007046621,-7.349930183009311,-11.906355437453339,10.050337793299107,0.0
SHORT,1000,500,LOW,3232,100.0,-10.043533667941961,-10.052726994851147,0.0,-10.052813834532488,-10.052668982943777,-8.066493910179405,-11.971928178218274,10.051647878498649,1.4266820984332077e-05
SHORT,1000,500,MEDIUM,373,100.0,-10.016678992861618,-10.052701720377998,0.0,-10.052785134693103,-9.947273005148853,-7.222489879314398,-10.967099312120649,10.05510099326267,0.00014979799674041502
SHORT,3000,100,EXTREME,1782,99.43883277216611,-10.078507654288886,-10.052741170268845,0.0,-10.844539876653284,-9.314957021868285,-7.624942305366811,-12.15920013216372,10.059467196809054,5.241826426471572e-05
SHORT,3000,100,HIGH,1805,99.83379501385042,-10.044672610910986,-10.052739224172013,0.0,-10.790984124976282,-9.367285064719665,-7.349930183009311,-11.906355437453339,10.049734604191148,8.647406860196718e-05
SHORT,3000,100,LOW,3232,100.0,-10.04613893570197,-10.052726994851147,0.0,-10.580152872957301,-9.495557575558406,-8.066485735249058,-11.971920009922968,10.053373556894613,1.1257008904384282e-05
SHORT,3000,100,MEDIUM,373,100.0,-9.837711344606054,-10.052701442771133,0.0,-10.263347687383527,-9.050914092679353,-7.2224168430381965,-10.967026293143968,10.045274328455235,7.677575300153527e-05
SHORT,3000,1000,EXTREME,1782,99.43883277216611,-10.07906304090418,-10.052741170268845,0.0,-10.844539876653284,-9.314957021868285,-7.625205409658206,-12.159473795054888,10.060022254063725,0.0006074755189356396
SHORT,3000,1000,HIGH,1805,99.83379501385042,-10.044897303412775,-10.052739224172013,0.0,-10.790984124976282,-9.367285064719665,-7.349953335808088,-11.906378575160401,10.049959176780376,0.0003110466578304478
SHORT,3000,1000,LOW,3232,100.0,-10.046276989775535,-10.052726994851147,0.0,-10.580152872957301,-9.522303733121408,-8.066494932045698,-11.971929199255186,10.053511557235831,0.00014925735012273253
SHORT,3000,1000,MEDIUM,373,100.0,-9.838070056498838,-10.052701442771133,0.0,-10.263347687383527,-9.050914092679353,-7.222556114667905,-10.967165531785513,10.045632861951676,0.0004353092494418916
SHORT,3000,500,EXTREME,1782,99.43883277216611,-10.07892606657196,-10.052741170268845,0.0,-10.844539876653284,-9.314957021868285,-7.6251479265902935,-12.159405645473104,10.059885365643943,0.00047058709915416666
SHORT,3000,500,HIGH,1805,99.83379501385042,-10.044793958998099,-10.052739224172013,0.0,-10.790984124976282,-9.367285064719665,-7.349930183009311,-11.906355437453339,10.049855884986227,0.00020775486368345545
SHORT,3000,500,LOW,3232,100.0,-10.046158207015257,-10.052726994851147,0.0,-10.580152872957301,-9.519331929989876,-8.066493910179405,-11.971928178218274,10.053392817299166,3.0517413457211013e-05
SHORT,3000,500,MEDIUM,373,100.0,-9.837940770215846,-10.052701442771133,0.0,-10.263347687383527,-9.050914092679353,-7.222489879314398,-10.967099312120649,10.045503638633145,0.00030608593091099824
SHORT,5000,100,EXTREME,1782,99.04601571268238,-10.065233517226288,-10.052741170268845,0.0,-11.109207629646445,-9.124399269100147,-7.624942305366811,-12.15920013216372,10.049970522600479,9.885123220243394e-05
SHORT,5000,100,HIGH,1805,99.83379501385042,-10.035589501567552,-10.052736722258533,0.0,-10.949593355410308,-8.998276843303403,-7.349930183009311,-11.906355437453339,10.048363184879722,4.564262694208587e-05
SHORT,5000,100,LOW,3232,100.0,-10.050968256151757,-10.052726994851147,0.0,-11.002082235108066,-9.10265271021726,-8.066485735249058,-11.971920009922968,10.050641413573068,1.655381492691247e-05
SHORT,5000,100,MEDIUM,373,100.0,-9.722221728016088,-10.052668428422527,0.0,-10.421382919356027,-8.788626146281889,-7.2224168430381965,-10.967026293143968,10.061253647528552,7.677575300153527e-05
SHORT,5000,1000,EXTREME,1782,99.04601571268238,-10.06578699538723,-10.052741170268845,0.0,-11.109207629646445,-9.154884963414247,-7.625205409658206,-12.159473795054888,10.050523687240414,0.0006520158721392361
SHORT,5000,1000,HIGH,1805,99.83379501385042,-10.035761253287756,-10.052736722258533,0.0,-10.949593355410308,-8.998276843303403,-7.349953335808088,-11.906378575160401,10.04853485865904,0.00021731640625917306
SHORT,5000,1000,LOW,3232,100.0,-10.051042457757555,-10.052726994851147,0.0,-11.002082235108066,-9.10265271021726,-8.066494932045698,-11.971929199255186,10.05071556985815,9.071010000959123e-05
SHORT,5000,1000,MEDIUM,373,100.0,-9.722361034131382,-10.052668428422527,0.0,-10.421382919356027,-8.788626146281889,-7.222556114667905,-10.967165531785513,10.061392892399997,0.0002160206244458374
SHORT,5000,500,EXTREME,1782,99.04601571268238,-10.065631505461683,-10.052741170268845,0.0,-11.109207629646445,-9.154884963414247,-7.6251479265902935,-12.159405645473104,10.050368288646398,0.0004966172781225847
SHORT,5000,500,HIGH,1805,99.83379501385042,-10.035634202814341,-10.052736722258533,0.0,-10.949593355410308,-8.998276843303403,-7.349930183009311,-11.906355437453339,10.04840785277758,9.031052479817831e-05
SHORT,5000,500,LOW,3232,100.0,-10.051009613987976,-10.052726994851147,0.0,-11.002082235108066,-9.10265271021726,-8.066493910179405,-11.971928178218274,10.05068274698108,5.7887222939121425e-05
SHORT,5000,500,MEDIUM,373,100.0,-9.72229478219663,-10.052668428422527,0.0,-10.421382919356027,-8.788626146281889,-7.222489879314398,-10.967099312120649,10.061326669772292,0.00014979799674041502
SHORT,15000,100,EXTREME,1782,98.4287317620651,-9.977295008925823,-10.052763978103345,0.0,-12.108535300316122,-7.680684488372338,-7.624942305366811,-12.15920013216372,10.057123445895783,5.808180545720277e-05
SHORT,15000,100,HIGH,1805,99.77839335180056,-9.911543870213016,-10.0527556314857,0.0,-11.7928406539544,-7.679217232689814,-7.349930183009311,-11.906355437453339,10.04703716282037,-2.429039692780499e-25
SHORT,15000,100,LOW,3232,99.10272277227723,-10.100106642809408,-10.052723938407057,0.0,-11.95089880949244,-8.36561819896822,-8.066485735249058,-11.971920009922968,10.055104431144512,2.3984562143076465e-05
SHORT,15000,100,MEDIUM,373,100.0,-9.468274220175106,-10.0,0.0,-11.844670593031514,-7.150685075996498,-7.2224168430381965,-10.967026293143968,10.044993488762705,7.677575300153527e-05
SHORT,15000,1000,EXTREME,1782,98.4287317620651,-9.977786627839352,-10.052763978103345,0.0,-12.108535300316122,-7.680684488372338,-7.625205409658206,-12.159473795054888,10.057614832254702,0.000549468164375628
SHORT,15000,1000,HIGH,1805,99.77839335180056,-9.911567057386641,-10.0527556314857,0.0,-11.7928406539544,-7.679217232689814,-7.349953335808088,-11.906378575160401,10.047060344328505,2.318150813497437e-05
SHORT,15000,1000,LOW,3232,99.10272277227723,-10.100200474212835,-10.052723938407057,0.0,-11.95089880949244,-8.36561819896822,-8.066494932045698,-11.971929199255186,10.055198201985926,0.00011775540355549878
SHORT,15000,1000,MEDIUM,373,100.0,-9.4684135262904,-10.0,0.0,-11.844670593031514,-7.150685075996498,-7.222556114667905,-10.967165531785513,10.04513273363415,0.0002160206244458374
SHORT,15000,500,EXTREME,1782,98.4287317620651,-9.9775258968266,-10.052763978103345,0.0,-12.108535300316122,-7.680684488372338,-7.6251479265902935,-12.159405645473104,10.057354204511636,0.0002888404213124342
SHORT,15000,500,HIGH,1805,99.77839335180056,-9.911543870213016,-10.0527556314857,0.0,-11.7928406539544,-7.679217232689814,-7.349930183009311,-11.906355437453339,10.04703716282037,0.0
SHORT,15000,500,LOW,3232,99.10272277227723,-10.100158345907166,-10.052723938407057,0.0,-11.95089880949244,-8.36561819896822,-8.066493910179405,-11.971928178218274,10.0551561021352,7.565555283174058e-05
SHORT,15000,500,MEDIUM,373,100.0,-9.468347274355649,-10.0,0.0,-11.844670593031514,-7.150685075996498,-7.222489879314398,-10.967099312120649,10.045066511006445,0.00014979799674041502
SHORT,30000,100,EXTREME,1782,97.69921436588103,-9.999000695214674,-10.105560801650146,0.0,-13.055830559885411,-6.624191397044481,-7.624942305366811,-12.15920013216372,10.055136234330439,7.619482380574512e-05
SHORT,30000,100,HIGH,1805,98.67036011080333,-9.700880901899781,-9.894557679742006,0.0,-12.63650258248129,-6.7781179886498615,-7.349930183009311,-11.906355437453339,10.0487881078549,2.2705331319285047e-05
SHORT,30000,100,LOW,3232,98.26732673267327,-10.09918213653209,-10.052723938407057,0.0,-12.74329283725639,-7.520720635221917,-8.066485735249058,-11.971920009922968,10.051988480245345,6.204807619377657e-06
SHORT,30000,100,MEDIUM,373,100.0,-8.994852465648052,-8.892231038937073,0.0,-11.89850198715989,-6.887910037010091,-7.2224168430381965,-10.967026293143968,10.05108068303837,7.677575300153527e-05
SHORT,30000,1000,EXTREME,1782,97.69921436588103,-9.999489531787464,-10.105560801650146,0.0,-13.055830559885411,-6.624191397044481,-7.625205409658206,-12.159473795054888,10.055624899806267,0.0005648602996321203
SHORT,30000,1000,HIGH,1805,98.67036011080333,-9.701130638602592,-9.894557679742006,0.0,-12.63650258248129,-6.7781179886498615,-7.349953335808088,-11.906378575160401,10.049037804661399,0.0002724021378190818
SHORT,30000,1000,LOW,3232,98.26732673267327,-10.099191491843767,-10.052723938407057,0.0,-12.74329283725639,-7.520720635221917,-8.066494932045698,-11.971929199255186,10.051997833010923,1.5557573197146882e-05
SHORT,30000,1000,MEDIUM,373,100.0,-8.994991763696598,-8.892231038937073,0.0,-11.89850198715989,-6.887910037010091,-7.222556114667905,-10.967165531785513,10.051219927909814,0.0002160206244458374
SHORT,30000,500,EXTREME,1782,97.69921436588103,-9.999357119438706,-10.105560801650146,0.0,-13.055830559885411,-6.624191397044481,-7.6251479265902935,-12.159405645473104,10.05549252836154,0.0004324888549064401
SHORT,30000,500,HIGH,1805,98.67036011080333,-9.700914048391791,-9.894557679742006,0.0,-12.63650258248129,-6.7781179886498615,-7.349930183009311,-11.906355437453339,10.048821240081553,5.583755797231881e-05
SHORT,30000,500,LOW,3232,98.26732673267327,-10.099190452361947,-10.052723938407057,0.0,-12.74329283725639,-7.520720635221917,-8.066493910179405,-11.971928178218274,10.051996793814748,1.4518377021839191e-05
SHORT,30000,500,MEDIUM,373,100.0,-8.994925515598272,-8.892231038937073,0.0,-11.89850198715989,-6.887910037010091,-7.222489879314398,-10.967099312120649,10.051153705282108,0.00014979799674041502
SHORT,60000,100,EXTREME,1782,97.3063973063973,-9.802571315097925,-9.788977474057202,1.1534025374855825,-14.37373593730249,-5.110495659337545,-7.624942305366811,-12.15920013216372,10.057812287393428,5.9909674562020905e-05
SHORT,60000,100,HIGH,1805,97.5623268698061,-9.38879750447005,-9.472760615929428,0.9653605905735377,-14.120893047620054,-3.521339938615102,-7.349930183009311,-11.906355437453339,10.052112277142607,2.25907449233357e-05
SHORT,60000,100,LOW,3232,95.38985148514851,-10.019581392046407,-10.421811512861456,0.032435939020434644,-13.846435399013066,-5.729045892446824,-8.066485735249058,-11.971920009922968,10.048298451116652,6.3919782676430225e-06
SHORT,60000,100,MEDIUM,373,100.0,-8.457029438551421,-8.787502766273592,0.0,-11.318109862412092,-4.6707257902897465,-7.2224168430381965,-10.967026293143968,10.05106400174695,7.677575300153527e-05
SHORT,60000,1000,EXTREME,1782,97.3063973063973,-9.802902045448418,-9.788977474057202,1.1534025374855825,-14.37373593730249,-5.110495659337545,-7.625205409658206,-12.159473795054888,10.05814288618592,0.0003905084670539278
SHORT,60000,1000,HIGH,1805,97.5623268698061,-9.388848806024152,-9.472760615929428,0.9653605905735377,-14.120893047620054,-3.521339938615102,-7.349953335808088,-11.906378575160401,10.052163577066844,7.389066916172488e-05
SHORT,60000,1000,LOW,3232,95.38985148514851,-10.019729321555028,-10.421811512861456,0.032435939020434644,-13.846435399013066,-5.729045892446824,-8.066494932045698,-11.971929199255186,10.048446350319008,0.00015429118062179481
SHORT,60000,1000,MEDIUM,373,100.0,-8.45716872853322,-8.787502766273592,0.0,-11.318109862412092,-4.6707257902897465,-7.222556114667905,-10.967165531785513,10.051203246618392,0.0002160206244458374
SHORT,60000,500,EXTREME,1782,97.3063973063973,-9.802798787569742,-9.788977474057202,1.1534025374855825,-14.37373593730249,-5.110495659337545,-7.6251479265902935,-12.159405645473104,10.058039686656906,0.00028730893803873437
SHORT,60000,500,HIGH,1805,97.5623268698061,-9.388815316271137,-9.472760615929428,0.9653605905735377,-14.120893047620054,-3.521339938615102,-7.349930183009311,-11.906355437453339,10.05213009409317,4.0407695487135826e-05
SHORT,60000,500,LOW,3232,95.38985148514851,-10.019611153756394,-10.421811512861456,0.032435939020434644,-13.846435399013066,-5.729045892446824,-8.066493910179405,-11.971928178218274,10.048328200303185,3.614116479980522e-05
SHORT,60000,500,MEDIUM,373,100.0,-8.45710248427132,-8.787502766273592,0.0,-11.318109862412092,-4.6707257902897465,-7.222489879314398,-10.967099312120649,10.051137023990687,0.00014979799674041502
