configuration,period,scenario,fold,leverage,trades,long_trades,short_trades,net_return_percent,gross_return_percent,maximum_drawdown_percent,win_rate_percent,profit_factor,expectancy,trading_fees,funding_paid,funding_received,net_funding,liquidation_fees,liquidation_count,exposure_long_percent,exposure_short_percent,average_margin_utilization_percent,average_effective_leverage,minimum_margin_ratio,best_trade_concentration_percent,bankrupt,depleted,warnings,train_start,train_end,validation_start,validation_end,dataset_hash,fold_count,positive_fold_percent,mean_return_percent,median_return_percent,funding_unchanged_by_cost_scenario
FUTURES_LONG_BASELINE_1X,VALIDATION,LOW_COST,1,1,0,0,0,0,0,0,,,,0,0,0,0,0,0,0,0,0,0,,0,False,False,LIQUIDATION_MODEL_APPROXIMATE;MAINTENANCE_MARGIN_APPROXIMATE,2024-01-02T00:00:00+00:00,2024-12-31T23:59:59.999000+00:00,2025-01-01T00:00:00+00:00,2025-03-31T23:59:59.999000+00:00,c481a30cfd29774c5ac3c88865d80f80a9d0df7789efd24cc898cf4b4a7dd872,,,,,
FUTURES_LONG_BASELINE_1X,VALIDATION,LOW_COST,2,1,6,6,0,2.580813464076397544447964200,2.696402208090645864285714290,1.734319706453445201903708235,50.0,1.957937924234561977645583587,43.01355773460662574079940302,7.579127588651677799107142858,3.979746812773154184667868,0,-3.979746812773154184667868,0,0,5.833333333333333333333333333,0,1.420792696845220881459533970,0.01420462563502113712614985561,2.00E+4,37.78037678160587215941178568,False,False,LIQUIDATION_MODEL_APPROXIMATE;MAINTENANCE_MARGIN_APPROXIMATE,2024-04-01T00:00:00+00:00,2025-03-31T23:59:59.999000+00:00,2025-04-01T00:00:00+00:00,2025-06-29T23:59:59.999000+00:00,0ee8c2a5fc594ceb05315602958b73e3205db92dfdd4766ea8b2c34ce13051d2,,,,,
FUTURES_LONG_BASELINE_1X,VALIDATION,LOW_COST,3,1,5,5,0,1.796212183359895352500097200,1.932810226367817664285714288,1.490034908982951406788258204,60.0,2.233495400202126573278813736,35.92424366719790705000194318,6.390896493556963329107142858,7.268907807235267849454570,0,-7.268907807235267849454570,0,0,12.36111111111111111111111111,0,3.087214472924579137530525858,0.03101562483210437912183388916,2.00E+4,36.24379768390892950956119523,False,False,LIQUIDATION_MODEL_APPROXIMATE;MAINTENANCE_MARGIN_APPROXIMATE,2024-06-30T00:00:00+00:00,2025-06-29T23:59:59.999000+00:00,2025-06-30T00:00:00+00:00,2025-09-27T23:59:59.999000+00:00,fe37378d111ea376ca5028a72626f352a4050859db839351a331073f39b98ed7,,,,,
FUTURES_LONG_BASELINE_1X,VALIDATION,LOW_COST,4,1,1,1,0,-0.7269096069914044375142857200,-0.7096871817120850285714285725,0.8571629337454030346114210849,0,0E+26,-72.69096069914044375142857154,1.232257809348686254285714286,0.489984718583254640000000,0,-0.489984718583254640000000,0,0,0.7870370370370370370370370370,0,0.1970733194645718024799031990,0.001958824079858433780728857537,2.00E+4,0,False,False,LIQUIDATION_MODEL_APPROXIMATE;MAINTENANCE_MARGIN_APPROXIMATE,2024-09-28T00:00:00+00:00,2025-09-27T23:59:59.999000+00:00,2025-09-28T00:00:00+00:00,2025-12-26T23:59:59.999000+00:00,f39c7a3fdeffb86306cf1254477317805b9d38d3a5674f86a63ce31d48798347,,,,,
FUTURES_LONG_BASELINE_1X,VALIDATION,LOW_COST,CONSOLIDATED,,12,,,,,,,,,15.20228189155732738250000001,,,-11.738639338591676674122438,,,,,,,,,,,,,,,,,4,50.0,0.912529010111222114858443920,0.898106091679947676250048600,True
FUTURES_LONG_BASELINE_1X,VALIDATION,BASE_COST,1,1,0,0,0,0,0,0,,,,0,0,0,0,0,0,0,0,0,0,,0,False,False,LIQUIDATION_MODEL_APPROXIMATE;MAINTENANCE_MARGIN_APPROXIMATE,2024-01-02T00:00:00+00:00,2024-12-31T23:59:59.999000+00:00,2025-01-01T00:00:00+00:00,2025-03-31T23:59:59.999000+00:00,c481a30cfd29774c5ac3c88865d80f80a9d0df7789efd24cc898cf4b4a7dd872,,,,,
FUTURES_LONG_BASELINE_1X,VALIDATION,BASE_COST,2,1,6,6,0,2.382622472576261059246990800,2.573506575493295828571428576,1.777442620678541212700572087,50.0,1.856687127281215978321268189,39.71037454293768432078318102,15.12226682168817716142857142,3.966143470015299771015200,0,-3.966143470015299771015200,0,0,5.833333333333333333333333333,0,1.417959260547005126853881222,0.01417114065970632887707427969,2.00E+4,37.69039331643234475279348948,False,False,LIQUIDATION_MODEL_APPROXIMATE;MAINTENANCE_MARGIN_APPROXIMATE,2024-04-01T00:00:00+00:00,2025-03-31T23:59:59.999000+00:00,2025-04-01T00:00:00+00:00,2025-06-29T23:59:59.999000+00:00,0ee8c2a5fc594ceb05315602958b73e3205db92dfdd4766ea8b2c34ce13051d2,,,,,
FUTURES_LONG_BASELINE_1X,VALIDATION,BASE_COST,3,1,5,5,0,1.64242000162844840171314500,1.842744207660560400000000003,1.518928865305780996138503648,60.0,2.084165838740286423693994778,32.84840003256896803426289848,12.76951955738487972000000000,7.262901045826320108685508,0,-7.262901045826320108685508,0,0,12.36111111111111111111111111,0,3.087678094559814395700864103,0.03100943330635561875804842334,2.00E+4,36.32731368658599152596466039,False,False,LIQUIDATION_MODEL_APPROXIMATE;MAINTENANCE_MARGIN_APPROXIMATE,2024-06-30T00:00:00+00:00,2025-06-29T23:59:59.999000+00:00,2025-06-30T00:00:00+00:00,2025-09-27T23:59:59.999000+00:00,fe37378d111ea376ca5028a72626f352a4050859db839351a331073f39b98ed7,,,,,
FUTURES_LONG_BASELINE_1X,VALIDATION,BASE_COST,4,1,1,1,0,-0.7562192513051147485714285700,-0.7266844601338422857142857154,0.8715427684545084867525613293,0,0E+26,-75.62192513051147485714285725,2.463665770209462685714285714,0.489813346917783600000000,0,-0.489813346917783600000000,0,0,0.7870370370370370370370370370,0,0.1971028153785146371622587255,0.001958432049687634301384060079,2.00E+4,0,False,False,LIQUIDATION_MODEL_APPROXIMATE;MAINTENANCE_MARGIN_APPROXIMATE,2024-09-28T00:00:00+00:00,2025-09-27T23:59:59.999000+00:00,2025-09-28T00:00:00+00:00,2025-12-26T23:59:59.999000+00:00,f39c7a3fdeffb86306cf1254477317805b9d38d3a5674f86a63ce31d48798347,,,,,
FUTURES_LONG_BASELINE_1X,VALIDATION,BASE_COST,CONSOLIDATED,,12,,,,,,,,,30.35545214928251956714285713,,,-11.718857862759403479700708,,,,,,,,,,,,,,,,,4,50.0,0.8172058057248986780971768075,0.82121000081422420085657250,True
FUTURES_LONG_BASELINE_1X,VALIDATION,HIGH_COST,1,1,0,0,0,0,0,0,,,,0,0,0,0,0,0,0,0,0,0,,0,False,False,LIQUIDATION_MODEL_APPROXIMATE;MAINTENANCE_MARGIN_APPROXIMATE,2024-01-02T00:00:00+00:00,2024-12-31T23:59:59.999000+00:00,2025-01-01T00:00:00+00:00,2025-03-31T23:59:59.999000+00:00,c481a30cfd29774c5ac3c88865d80f80a9d0df7789efd24cc898cf4b4a7dd872,,,,,
FUTURES_LONG_BASELINE_1X,VALIDATION,HIGH_COST,2,1,6,6,0,1.989572639050286043643558400,2.329997012137786171428571433,1.863573698281503902702233512,50.0,1.673365274118578745900386096,33.1595439841714340607259730,30.10297433452235165714285714,3.939462974227661121358448,0,-3.939462974227661121358448,0,0,5.833333333333333333333333333,0,1.412429739021693050780640316,0.01410562145926657265219279675,2.00E+4,37.52564246902040608148881328,False,False,LIQUIDATION_MODEL_APPROXIMATE;MAINTENANCE_MARGIN_APPROXIMATE,2024-04-01T00:00:00+00:00,2025-03-31T23:59:59.999000+00:00,2025-04-01T00:00:00+00:00,2025-06-29T23:59:59.999000+00:00,0ee8c2a5fc594ceb05315602958b73e3205db92dfdd4766ea8b2c34ce13051d2,,,,,
FUTURES_LONG_BASELINE_1X,VALIDATION,HIGH_COST,3,1,5,5,0,1.335715861409151609464546500,1.663125578832379628571428574,1.576656787778008836424953613,60.0,1.818501135229839475073301665,26.71431722818303218929092852,25.49005795200764932285714286,7.250913790315152587831072,0,-7.250913790315152587831072,0,0,12.36111111111111111111111111,0,3.088605220339709299118209491,0.03099706206052705360332235942,2.00E+4,36.50932011333742522844766078,False,False,LIQUIDATION_MODEL_APPROXIMATE;MAINTENANCE_MARGIN_APPROXIMATE,2024-06-30T00:00:00+00:00,2025-06-29T23:59:59.999000+00:00,2025-06-30T00:00:00+00:00,2025-09-27T23:59:59.999000+00:00,fe37378d111ea376ca5028a72626f352a4050859db839351a331073f39b98ed7,,,,,
FUTURES_LONG_BASELINE_1X,VALIDATION,HIGH_COST,4,1,1,1,0,-0.814777426825363461600000,-0.7606433609607168000000000011,0.9002725981073659944333632009,0,0E+26,-81.47774268253634616000000011,4.92393563139770208000000,0.489470955066964080000000,0,-0.489470955066964080000000,0,0,0.7870370370370370370370370370,0,0.1971617945104595718496381446,0.001957648685394592316604025869,2.00E+4,0,False,False,LIQUIDATION_MODEL_APPROXIMATE;MAINTENANCE_MARGIN_APPROXIMATE,2024-09-28T00:00:00+00:00,2025-09-27T23:59:59.999000+00:00,2025-09-28T00:00:00+00:00,2025-12-26T23:59:59.999000+00:00,f39c7a3fdeffb86306cf1254477317805b9d38d3a5674f86a63ce31d48798347,,,,,
FUTURES_LONG_BASELINE_1X,VALIDATION,HIGH_COST,CONSOLIDATED,,12,,,,,,,,,60.51696791792770306000000000,,,-11.679847719609777789189520,,,,,,,,,,,,,,,,,4,50.0,0.627627768408518547877026225,0.667857930704575804732273250,True
FUTURES_LONG_BASELINE_1X,VALIDATION,STRESS_COST,1,1,0,0,0,0,0,0,,,,0,0,0,0,0,0,0,0,0,0,,0,False,False,LIQUIDATION_MODEL_APPROXIMATE;MAINTENANCE_MARGIN_APPROXIMATE,2024-01-02T00:00:00+00:00,2024-12-31T23:59:59.999000+00:00,2025-01-01T00:00:00+00:00,2025-03-31T23:59:59.999000+00:00,c481a30cfd29774c5ac3c88865d80f80a9d0df7789efd24cc898cf4b4a7dd872,,,,,
FUTURES_LONG_BASELINE_1X,VALIDATION,STRESS_COST,2,1,6,6,0,1.21625281573351000720971400,1.851712712385459428571428577,2.092379591047671722328207315,50.0,1.368679514518700712998326138,20.2708802622251667868285660,59.65789175300667476571428571,3.888097912188267370457176,0,-3.888097912188267370457176,0,0,5.833333333333333333333333333,0,1.401891519698289589247677081,0.01398008505237484176515379611,2.00E+4,37.26168203908895782954104518,False,False,LIQUIDATION_MODEL_APPROXIMATE;MAINTENANCE_MARGIN_APPROXIMATE,2024-04-01T00:00:00+00:00,2025-03-31T23:59:59.999000+00:00,2025-04-01T00:00:00+00:00,2025-06-29T23:59:59.999000+00:00,0ee8c2a5fc594ceb05315602958b73e3205db92dfdd4766ea8b2c34ce13051d2,,,,,
FUTURES_LONG_BASELINE_1X,VALIDATION,STRESS_COST,3,1,5,5,0,0.725809529316169001035628500,1.305930826565276400000000003,1.691873302984021807792203555,60.0,1.389362462282639671789302066,14.51619058632338002071257127,50.78508618464367191999999999,7.227043540267067976437144,0,-7.227043540267067976437144,0,0,12.36111111111111111111111111,0,3.090458868177016507731077309,0.03097236533166923161282544398,2.00E+4,36.94817326710759696149268537,False,False,LIQUIDATION_MODEL_APPROXIMATE;MAINTENANCE_MARGIN_APPROXIMATE,2024-06-30T00:00:00+00:00,2025-06-29T23:59:59.999000+00:00,2025-06-30T00:00:00+00:00,2025-09-27T23:59:59.999000+00:00,fe37378d111ea376ca5028a72626f352a4050859db839351a331073f39b98ed7,,,,,
FUTURES_LONG_BASELINE_1X,VALIDATION,STRESS_COST,4,1,1,1,0,-0.9316499757081611454285714300,-0.8284189382361764571428571440,0.9576131789880648430265335865,0,0E+26,-93.16499757081611454285714297,9.834316138530499748571428572,0.488787608667969080000000,0,-0.488787608667969080000000,0,0,0.7870370370370370370370370370,0,0.1972797162151742506372150124,0.001956084875239781207937119741,2.00E+4,0,False,False,LIQUIDATION_MODEL_APPROXIMATE;MAINTENANCE_MARGIN_APPROXIMATE,2024-09-28T00:00:00+00:00,2025-09-27T23:59:59.999000+00:00,2025-09-28T00:00:00+00:00,2025-12-26T23:59:59.999000+00:00,f39c7a3fdeffb86306cf1254477317805b9d38d3a5674f86a63ce31d48798347,,,,,
FUTURES_LONG_BASELINE_1X,VALIDATION,STRESS_COST,CONSOLIDATED,,12,,,,,,,,,120.2772940761808464342857143,,,-11.603929061123304426894320,,,,,,,,,,,,,,,,,4,50.0,0.2526030923353794657041927675,0.362904764658084500517814250,True
FUTURES_SHORT_MIRRORED_1X,VALIDATION,LOW_COST,1,1,10,0,10,3.516890900290577087084390700,3.591482001507188057142857131,4.914224833103266322092341492,50.0,1.657367464559403545424819357,35.16890900290577087084390857,11.17366947375073041107142857,0.143811362535797730000000,3.858370714625431135224801,3.714559352089633405224801,0,0,0,9.398148148148148148148148148,2.203542043671617389096530425,0.02196821820804556414959764858,18040.49728340945926035067040,23.38305644738655068609560275,False,False,LIQUIDATION_MODEL_APPROXIMATE;MAINTENANCE_MARGIN_APPROXIMATE,2024-01-02T00:00:00+00:00,2024-12-31T23:59:59.999000+00:00,2025-01-01T00:00:00+00:00,2025-03-31T23:59:59.999000+00:00,c481a30cfd29774c5ac3c88865d80f80a9d0df7789efd24cc898cf4b4a7dd872,,,,,
FUTURES_SHORT_MIRRORED_1X,VALIDATION,LOW_COST,2,1,4,0,4,-1.013758671037874059639353790,-0.9669662242675933428571428676,2.915554044726615603097314084,25.00,0.6585300971992254857475986119,-25.34396677594685149098384632,4.419795645297337363571428572,0.471357488478856117035023,0.211908456748121802385353,-0.259449031730734314649670,0,0,0,3.657407407407407407407407407,0.8740591795733970112305253907,0.008689438107003090409989410907,17644.42413473118916464293471,100,False,False,LIQUIDATION_MODEL_APPROXIMATE;MAINTENANCE_MARGIN_APPROXIMATE,2024-04-01T00:00:00+00:00,2025-03-31T23:59:59.999000+00:00,2025-04-01T00:00:00+00:00,2025-06-29T23:59:59.999000+00:00,0ee8c2a5fc594ceb05315602958b73e3205db92dfdd4766ea8b2c34ce13051d2,,,,,
FUTURES_SHORT_MIRRORED_1X,VALIDATION,LOW_COST,3,1,0,0,0,0,0,0,,,,0,0,0,0,0,0,0,0,0,0,,0,False,False,LIQUIDATION_MODEL_APPROXIMATE;MAINTENANCE_MARGIN_APPROXIMATE,2024-06-30T00:00:00+00:00,2025-06-29T23:59:59.999000+00:00,2025-06-30T00:00:00+00:00,2025-09-27T23:59:59.999000+00:00,fe37378d111ea376ca5028a72626f352a4050859db839351a331073f39b98ed7,,,,,
FUTURES_SHORT_MIRRORED_1X,VALIDATION,LOW_COST,4,1,7,0,7,1.614227490999504222624815800,1.658754102978890257142857142,2.568630192484866990624145724,42.85714285714285714285714286,1.433250391777570917038540724,23.06039272856434603749736737,8.330255259032898148571428571,0.441189230154851264229814,4.318783291249145960997100,3.877594061094294696767286,0,0,0,11.01851851851851851851851852,2.585167698741854113140292249,0.02563905436383778946378017772,18524.38698850772131990797370,37.59034154744583898467177603,False,False,LIQUIDATION_MODEL_APPROXIMATE;MAINTENANCE_MARGIN_APPROXIMATE,2024-09-28T00:00:00+00:00,2025-09-27T23:59:59.999000+00:00,2025-09-28T00:00:00+00:00,2025-12-26T23:59:59.999000+00:00,f39c7a3fdeffb86306cf1254477317805b9d38d3a5674f86a63ce31d48798347,,,,,
FUTURES_SHORT_MIRRORED_1X,VALIDATION,LOW_COST,CONSOLIDATED,,21,,,,,,,,,23.92372037808096592321428571,,,7.332704381453193787342417,,,,,,,,,,,,,,,,,4,50.0,1.029339930063051812517463178,0.807113745499752111312407900,True
FUTURES_SHORT_MIRRORED_1X,VALIDATION,BASE_COST,1,1,10,0,10,3.256724274659207016868308600,3.442052421377961242857142846,5.013023684211950923814430317,50.0,1.597622520226142378398416511,32.56724274659207016868308468,22.24670166006677281785714285,0.142617771422379500000000,3.856504759613729718973705,3.713886988191350218973705,0,0,0,9.398148148148148148148148148,2.199537619826957967295948831,0.02193545106064179165771198319,18027.17844776779136584647119,23.52706106795813692119499100,False,False,LIQUIDATION_MODEL_APPROXIMATE;MAINTENANCE_MARGIN_APPROXIMATE,2024-01-02T00:00:00+00:00,2024-12-31T23:59:59.999000+00:00,2025-01-01T00:00:00+00:00,2025-03-31T23:59:59.999000+00:00,c481a30cfd29774c5ac3c88865d80f80a9d0df7789efd24cc898cf4b4a7dd872,,,,,
FUTURES_SHORT_MIRRORED_1X,VALIDATION,BASE_COST,2,1,4,0,4,-1.120369372235210729152457180,-1.029890171292966171428571439,2.974812780317537313127324708,25.00,0.6304448632163248150315716458,-28.00923430588026822881143062,8.788471053787702838571428573,0.469723094274617505371835,0.210274053837864571554685,-0.259449040436752933817150,0,0,0,3.657407407407407407407407407,0.8689107056871879910873074162,0.008641270957609357054052025023,17631.24397322750695966356690,100,False,False,LIQUIDATION_MODEL_APPROXIMATE;MAINTENANCE_MARGIN_APPROXIMATE,2024-04-01T00:00:00+00:00,2025-03-31T23:59:59.999000+00:00,2025-04-01T00:00:00+00:00,2025-06-29T23:59:59.999000+00:00,0ee8c2a5fc594ceb05315602958b73e3205db92dfdd4766ea8b2c34ce13051d2,,,,,
FUTURES_SHORT_MIRRORED_1X,VALIDATION,BASE_COST,3,1,0,0,0,0,0,0,,,,0,0,0,0,0,0,0,0,0,0,,0,False,False,LIQUIDATION_MODEL_APPROXIMATE;MAINTENANCE_MARGIN_APPROXIMATE,2024-06-30T00:00:00+00:00,2025-06-29T23:59:59.999000+00:00,2025-06-30T00:00:00+00:00,2025-09-27T23:59:59.999000+00:00,fe37378d111ea376ca5028a72626f352a4050859db839351a331073f39b98ed7,,,,,
FUTURES_SHORT_MIRRORED_1X,VALIDATION,BASE_COST,4,1,7,0,7,1.424763671042680163542609200,1.552102246964242385714285714,2.581771706123936523076252746,42.85714285714285714285714286,1.373851117076820001497697127,20.35376672918114519346584354,16.57940172266047715071428572,0.438287108433852785496444,4.283831238938107719043063,3.845544130504254933546619,0,0,0,11.01851851851851851851851852,2.566022248078691083883863956,0.02545801331365286951437621815,18510.89873217202612412748274,37.45020568190421890949540507,False,False,LIQUIDATION_MODEL_APPROXIMATE;MAINTENANCE_MARGIN_APPROXIMATE,2024-09-28T00:00:00+00:00,2025-09-27T23:59:59.999000+00:00,2025-09-28T00:00:00+00:00,2025-12-26T23:59:59.999000+00:00,f39c7a3fdeffb86306cf1254477317805b9d38d3a5674f86a63ce31d48798347,,,,,
FUTURES_SHORT_MIRRORED_1X,VALIDATION,BASE_COST,CONSOLIDATED,,21,,,,,,,,,47.61457443651495280714285714,,,7.299982078258852218703174,,,,,,,,,,,,,,,,,4,50.0,0.890279643366669112814615155,0.712381835521340081771304600,True
FUTURES_SHORT_MIRRORED_1X,VALIDATION,HIGH_COST,1,1,10,0,10,2.750215987993451479619527400,3.153769340115953542857142846,5.201498367539731997512761877,50.0,1.487817151019142149066283186,27.50215987993451479619527288,44.06675859190397472571428572,0.140290601716703680000000,3.851713981370472081952730,3.711423379653768401952730,0,0,0,9.398148148148148148148148148,2.189849481877442010019327662,0.02185313396020652124493126864,18000.54077648445557683807279,23.83177645555116695799018815,False,False,LIQUIDATION_MODEL_APPROXIMATE;MAINTENANCE_MARGIN_APPROXIMATE,2024-01-02T00:00:00+00:00,2024-12-31T23:59:59.999000+00:00,2025-01-01T00:00:00+00:00,2025-03-31T23:59:59.999000+00:00,c481a30cfd29774c5ac3c88865d80f80a9d0df7789efd24cc898cf4b4a7dd872,,,,,
FUTURES_SHORT_MIRRORED_1X,VALIDATION,HIGH_COST,2,1,4,0,4,-1.329906762838530664358439400,-1.153537063621358142857142868,3.099274859444856619187809462,25.00,0.5785921808965643011430283468,-33.24766907096326660896098525,17.37752215203104829428571429,0.466540922124548125501786,0.207093152438344269657846,-0.259447769686203855843940,0,0,0,3.657407407407407407407407407,0.8588671946022016730041118199,0.008547356081438406371386013505,17604.88365022014254970483129,100,False,False,LIQUIDATION_MODEL_APPROXIMATE;MAINTENANCE_MARGIN_APPROXIMATE,2024-04-01T00:00:00+00:00,2025-03-31T23:59:59.999000+00:00,2025-04-01T00:00:00+00:00,2025-06-29T23:59:59.999000+00:00,0ee8c2a5fc594ceb05315602958b73e3205db92dfdd4766ea8b2c34ce13051d2,,,,,
FUTURES_SHORT_MIRRORED_1X,VALIDATION,HIGH_COST,3,1,0,0,0,0,0,0,,,,0,0,0,0,0,0,0,0,0,0,,0,False,False,LIQUIDATION_MODEL_APPROXIMATE;MAINTENANCE_MARGIN_APPROXIMATE,2024-06-30T00:00:00+00:00,2025-06-29T23:59:59.999000+00:00,2025-06-30T00:00:00+00:00,2025-09-27T23:59:59.999000+00:00,fe37378d111ea376ca5028a72626f352a4050859db839351a331073f39b98ed7,,,,,
FUTURES_SHORT_MIRRORED_1X,VALIDATION,HIGH_COST,4,1,7,0,7,1.04817694307663604146055300,1.338737553894362171428571428,2.608145877181673112149161150,42.85714285714285714285714286,1.263468547874103736263715811,14.9739563296662291637221830,32.83417132506362850285714285,0.432590962811140325109908,4.210701206102155831165189,3.778110243291015506055281,0,0,0,11.01851851851851851851851852,2.526190454805235274374972681,0.02508031576393850646749895954,18483.92221950063573256650081,37.14425886822481854819666710,False,False,LIQUIDATION_MODEL_APPROXIMATE;MAINTENANCE_MARGIN_APPROXIMATE,2024-09-28T00:00:00+00:00,2025-09-27T23:59:59.999000+00:00,2025-09-28T00:00:00+00:00,2025-12-26T23:59:59.999000+00:00,f39c7a3fdeffb86306cf1254477317805b9d38d3a5674f86a63ce31d48798347,,,,,
FUTURES_SHORT_MIRRORED_1X,VALIDATION,HIGH_COST,CONSOLIDATED,,21,,,,,,,,,94.27845206899865152285714286,,,7.230085853258580052164071,,,,,,,,,,,,,,,,,4,50.0,0.617121542057889214180410250,0.52408847153831802073027650,True
FUTURES_SHORT_MIRRORED_1X,VALIDATION,STRESS_COST,1,1,10,0,10,1.753580250084920532262276700,2.580844066748837142857142848,5.567388977905669257634575224,50.0,1.292311821444445084892183156,17.53580250084920532262276644,86.43339180988851113142857142,0.135814927290016750000000,3.842825070786866821941951,3.707010143496850071941951,0,0,0,9.398148148148148148148148148,2.170975570283692123156407753,0.02169322640868617968683761502,17947.26543391778399882127597,24.55134328918806025962192908,False,False,LIQUIDATION_MODEL_APPROXIMATE;MAINTENANCE_MARGIN_APPROXIMATE,2024-01-02T00:00:00+00:00,2024-12-31T23:59:59.999000+00:00,2025-01-01T00:00:00+00:00,2025-03-31T23:59:59.999000+00:00,c481a30cfd29774c5ac3c88865d80f80a9d0df7789efd24cc898cf4b4a7dd872,,,,,
FUTURES_SHORT_MIRRORED_1X,VALIDATION,STRESS_COST,2,1,4,0,4,-1.735071690929537642183026560,-1.392521489389365200000000009,3.342885257068601367125389593,25.00,0.4894582771836346131475839448,-43.37679227323844105457566522,33.99557872603284520000000000,0.460503353588790793363754,0.201061925604391775061094,-0.259441427984399018302660,0,0,0,3.657407407407407407407407407,0.8397376024872738976288507755,0.008368667101999843176972645532,17552.16300420541372978736007,100,False,False,LIQUIDATION_MODEL_APPROXIMATE;MAINTENANCE_MARGIN_APPROXIMATE,2024-04-01T00:00:00+00:00,2025-03-31T23:59:59.999000+00:00,2025-04-01T00:00:00+00:00,2025-06-29T23:59:59.999000+00:00,0ee8c2a5fc594ceb05315602958b73e3205db92dfdd4766ea8b2c34ce13051d2,,,,,
FUTURES_SHORT_MIRRORED_1X,VALIDATION,STRESS_COST,3,1,0,0,0,0,0,0,,,,0,0,0,0,0,0,0,0,0,0,,0,False,False,LIQUIDATION_MODEL_APPROXIMATE;MAINTENANCE_MARGIN_APPROXIMATE,2024-06-30T00:00:00+00:00,2025-06-29T23:59:59.999000+00:00,2025-06-30T00:00:00+00:00,2025-09-27T23:59:59.999000+00:00,fe37378d111ea376ca5028a72626f352a4050859db839351a331073f39b98ed7,,,,,
FUTURES_SHORT_MIRRORED_1X,VALIDATION,STRESS_COST,4,1,7,0,7,0.316218064309918905206256200,0.9240342408210233142857142857,2.661246998282331732049285771,42.85714285714285714285714286,1.073510503210744061786281712,4.517400918713127217232233067,64.43183968570346269714285714,0.421612703761309699926104,4.071834738354331489123164,3.650222034593021789197060,0,0,0,11.01851851851851851851851852,2.450246151682782336132391149,0.02436034060822233965377562697,18429.96919415785494944453696,36.58765540451683882918410395,False,False,LIQUIDATION_MODEL_APPROXIMATE;MAINTENANCE_MARGIN_APPROXIMATE,2024-09-28T00:00:00+00:00,2025-09-27T23:59:59.999000+00:00,2025-09-28T00:00:00+00:00,2025-12-26T23:59:59.999000+00:00,f39c7a3fdeffb86306cf1254477317805b9d38d3a5674f86a63ce31d48798347,,,,,
FUTURES_SHORT_MIRRORED_1X,VALIDATION,STRESS_COST,CONSOLIDATED,,21,,,,,,,,,184.8608102216248190285714285,,,7.097790750105472842836351,,,,,,,,,,,,,,,,,4,50.0,0.083681655866325448821376585,0.158109032154959452603128100,True
FUTURES_LONG_SHORT_BASELINE_1X,VALIDATION,LOW_COST,1,1,10,0,10,3.516890900290577087084390700,3.591482001507188057142857131,4.914224833103266322092341492,50.0,1.657367464559403545424819357,35.16890900290577087084390857,11.17366947375073041107142857,0.143811362535797730000000,3.858370714625431135224801,3.714559352089633405224801,0,0,0,9.398148148148148148148148148,2.203542043671617389096530425,0.02196821820804556414959764858,18040.49728340945926035067040,23.38305644738655068609560275,False,False,LIQUIDATION_MODEL_APPROXIMATE;MAINTENANCE_MARGIN_APPROXIMATE,2024-01-02T00:00:00+00:00,2024-12-31T23:59:59.999000+00:00,2025-01-01T00:00:00+00:00,2025-03-31T23:59:59.999000+00:00,c481a30cfd29774c5ac3c88865d80f80a9d0df7789efd24cc898cf4b4a7dd872,,,,,
FUTURES_LONG_SHORT_BASELINE_1X,VALIDATION,LOW_COST,2,1,10,6,4,1.540891579006532126349835700,1.703584021732933221428571423,2.905273780181494076464511227,40.0,1.270831692603725902957678126,15.40891579006532126349835588,12.03216733166125869267857143,4.453414831100203760383276,0.216337890121352945188264,-4.237076940978850815195012,0,0,5.833333333333333333333333333,3.657407407407407407407407407,2.294851874205892393740365779,0.02289406372005333815163771912,17644.42413473118916464293471,27.56478732698319975230634713,False,False,LIQUIDATION_MODEL_APPROXIMATE;MAINTENANCE_MARGIN_APPROXIMATE,2024-04-01T00:00:00+00:00,2025-03-31T23:59:59.999000+00:00,2025-04-01T00:00:00+00:00,2025-06-29T23:59:59.999000+00:00,0ee8c2a5fc594ceb05315602958b73e3205db92dfdd4766ea8b2c34ce13051d2,,,,,
FUTURES_LONG_SHORT_BASELINE_1X,VALIDATION,LOW_COST,3,1,5,5,0,1.796212183359895352500097200,1.932810226367817664285714288,1.490034908982951406788258204,60.0,2.233495400202126573278813736,35.92424366719790705000194318,6.390896493556963329107142858,7.268907807235267849454570,0,-7.268907807235267849454570,0,0,12.36111111111111111111111111,0,3.087214472924579137530525858,0.03101562483210437912183388916,2.00E+4,36.24379768390892950956119523,False,False,LIQUIDATION_MODEL_APPROXIMATE;MAINTENANCE_MARGIN_APPROXIMATE,2024-06-30T00:00:00+00:00,2025-06-29T23:59:59.999000+00:00,2025-06-30T00:00:00+00:00,2025-09-27T23:59:59.999000+00:00,fe37378d111ea376ca5028a72626f352a4050859db839351a331073f39b98ed7,,,,,
FUTURES_LONG_SHORT_BASELINE_1X,VALIDATION,LOW_COST,4,1,8,1,7,0.875583906115658388339101500,0.9376109525732216857142857123,2.616710771857711851172462119,37.500,1.196121508956829730210505423,10.94479882644572985423876786,9.582404518093648434285714285,0.939083418911827264229814,4.318783291249145960997100,3.379699872337318696767286,0,0,0.7870370370370370370370370370,11.01851851851851851851851852,2.782241019056666645440187883,0.02759787845214715324138389281,18524.38698850772131990797370,37.59034154744583898467177603,False,False,LIQUIDATION_MODEL_APPROXIMATE;MAINTENANCE_MARGIN_APPROXIMATE,2024-09-28T00:00:00+00:00,2025-09-27T23:59:59.999000+00:00,2025-09-28T00:00:00+00:00,2025-12-26T23:59:59.999000+00:00,f39c7a3fdeffb86306cf1254477317805b9d38d3a5674f86a63ce31d48798347,,,,,
FUTURES_LONG_SHORT_BASELINE_1X,VALIDATION,LOW_COST,CONSOLIDATED,,33,,,,,,,,,39.17913781706260086714285714,,,-4.411725523787166562657495,,,,,,,,,,,,,,,,,4,100,1.932394642193165738568356275,1.668551881183213739424966450,True
FUTURES_LONG_SHORT_BASELINE_1X,VALIDATION,BASE_COST,1,1,10,0,10,3.256724274659207016868308600,3.442052421377961242857142846,5.013023684211950923814430317,50.0,1.597622520226142378398416511,32.56724274659207016868308468,22.24670166006677281785714285,0.142617771422379500000000,3.856504759613729718973705,3.713886988191350218973705,0,0,0,9.398148148148148148148148148,2.199537619826957967295948831,0.02193545106064179165771198319,18027.17844776779136584647119,23.52706106795813692119499100,False,False,LIQUIDATION_MODEL_APPROXIMATE;MAINTENANCE_MARGIN_APPROXIMATE,2024-01-02T00:00:00+00:00,2024-12-31T23:59:59.999000+00:00,2025-01-01T00:00:00+00:00,2025-03-31T23:59:59.999000+00:00,c481a30cfd29774c5ac3c88865d80f80a9d0df7789efd24cc898cf4b4a7dd872,,,,,
FUTURES_LONG_SHORT_BASELINE_1X,VALIDATION,BASE_COST,2,1,10,6,4,1.23555892750447508901523100,1.517347531377663528571428565,2.986665228202254202164445395,40.0,1.211731927871325984721727659,12.35558927504475089015230906,23.95859946365573960500000001,4.434585508937375820560669,0.214324585274271469940903,-4.220260923663104350619766,0,0,5.833333333333333333333333333,3.657407407407407407407407407,2.286869967947811280287345294,0.02281241163428958122707956056,17631.24397322750695966356690,27.50269426579406866365548581,False,False,LIQUIDATION_MODEL_APPROXIMATE;MAINTENANCE_MARGIN_APPROXIMATE,2024-04-01T00:00:00+00:00,2025-03-31T23:59:59.999000+00:00,2025-04-01T00:00:00+00:00,2025-06-29T23:59:59.999000+00:00,0ee8c2a5fc594ceb05315602958b73e3205db92dfdd4766ea8b2c34ce13051d2,,,,,
FUTURES_LONG_SHORT_BASELINE_1X,VALIDATION,BASE_COST,3,1,5,5,0,1.64242000162844840171314500,1.842744207660560400000000003,1.518928865305780996138503648,60.0,2.084165838740286423693994778,32.84840003256896803426289848,12.76951955738487972000000000,7.262901045826320108685508,0,-7.262901045826320108685508,0,0,12.36111111111111111111111111,0,3.087678094559814395700864103,0.03100943330635561875804842334,2.00E+4,36.32731368658599152596466039,False,False,LIQUIDATION_MODEL_APPROXIMATE;MAINTENANCE_MARGIN_APPROXIMATE,2024-06-30T00:00:00+00:00,2025-06-29T23:59:59.999000+00:00,2025-06-30T00:00:00+00:00,2025-09-27T23:59:59.999000+00:00,fe37378d111ea376ca5028a72626f352a4050859db839351a331073f39b98ed7,,,,,
FUTURES_LONG_SHORT_BASELINE_1X,VALIDATION,BASE_COST,4,1,8,1,7,0.657770083890577370971180600,0.8150642519068224999999999986,2.679323245687192950555957248,37.500,1.143679433651540724118125904,8.222126048632217137139755944,19.07816890344254011642857143,0.935079137120080505496444,4.283831238938107719043063,3.348752101818027213546619,0,0,0.7870370370370370370370370370,11.01851851851851851851851852,2.763125063117645064602192680,0.02741644535996663616707722060,18510.89873217202612412748274,37.45020568190421890949540507,False,False,LIQUIDATION_MODEL_APPROXIMATE;MAINTENANCE_MARGIN_APPROXIMATE,2024-09-28T00:00:00+00:00,2025-09-27T23:59:59.999000+00:00,2025-09-28T00:00:00+00:00,2025-12-26T23:59:59.999000+00:00,f39c7a3fdeffb86306cf1254477317805b9d38d3a5674f86a63ce31d48798347,,,,,
FUTURES_LONG_SHORT_BASELINE_1X,VALIDATION,BASE_COST,CONSOLIDATED,,33,,,,,,,,,78.05298958454993225928571429,,,-4.420522879480047026784950,,,,,,,,,,,,,,,,,4,100,1.698118321920676969641966300,1.43898946456646174536418800,True
FUTURES_LONG_SHORT_BASELINE_1X,VALIDATION,HIGH_COST,1,1,10,0,10,2.750215987993451479619527400,3.153769340115953542857142846,5.201498367539731997512761877,50.0,1.487817151019142149066283186,27.50215987993451479619527288,44.06675859190397472571428572,0.140290601716703680000000,3.851713981370472081952730,3.711423379653768401952730,0,0,0,9.398148148148148148148148148,2.189849481877442010019327662,0.02185313396020652124493126864,18000.54077648445557683807279,23.83177645555116695799018815,False,False,LIQUIDATION_MODEL_APPROXIMATE;MAINTENANCE_MARGIN_APPROXIMATE,2024-01-02T00:00:00+00:00,2024-12-31T23:59:59.999000+00:00,2025-01-01T00:00:00+00:00,2025-03-31T23:59:59.999000+00:00,c481a30cfd29774c5ac3c88865d80f80a9d0df7789efd24cc898cf4b4a7dd872,,,,,
FUTURES_LONG_SHORT_BASELINE_1X,VALIDATION,HIGH_COST,2,1,10,6,4,0.633206415084997028265075300,1.150115722689623457142857137,3.156296645976049017870182310,40.0,1.103385829837943627596882634,6.33206415084997028265075284,47.50362318180783303142857142,4.397720079953910212354143,0.210412501299100356004529,-4.187307578654809856349614,0,0,5.833333333333333333333333333,3.657407407407407407407407407,2.271296934935638397614060625,0.02265297755386801966988779729,17604.88365022014254970483129,27.38635101846603635718963251,False,False,LIQUIDATION_MODEL_APPROXIMATE;MAINTENANCE_MARGIN_APPROXIMATE,2024-04-01T00:00:00+00:00,2025-03-31T23:59:59.999000+00:00,2025-04-01T00:00:00+00:00,2025-06-29T23:59:59.999000+00:00,0ee8c2a5fc594ceb05315602958b73e3205db92dfdd4766ea8b2c34ce13051d2,,,,,
FUTURES_LONG_SHORT_BASELINE_1X,VALIDATION,HIGH_COST,3,1,5,5,0,1.335715861409151609464546500,1.663125578832379628571428574,1.576656787778008836424953613,60.0,1.818501135229839475073301665,26.71431722818303218929092852,25.49005795200764932285714286,7.250913790315152587831072,0,-7.250913790315152587831072,0,0,12.36111111111111111111111111,0,3.088605220339709299118209491,0.03099706206052705360332235942,2.00E+4,36.50932011333742522844766078,False,False,LIQUIDATION_MODEL_APPROXIMATE;MAINTENANCE_MARGIN_APPROXIMATE,2024-06-30T00:00:00+00:00,2025-06-29T23:59:59.999000+00:00,2025-06-30T00:00:00+00:00,2025-09-27T23:59:59.999000+00:00,fe37378d111ea376ca5028a72626f352a4050859db839351a331073f39b98ed7,,,,,
FUTURES_LONG_SHORT_BASELINE_1X,VALIDATION,HIGH_COST,4,1,8,1,7,0.224859203342598176603410100,0.5701213010730775999999999983,2.804308482936713619942914248,37.500,1.046829143285197190282993378,2.810740041782477207542624396,37.80971853730513924571428571,0.927192441844958925109908,4.210701206102155831165189,3.283508764257196906055281,0,0,0.7870370370370370370370370370,11.01851851851851851851851852,2.723352250223546025506181197,0.02703796445834718393338123495,18483.92221950063573256650081,37.14425886822481854819666710,False,False,LIQUIDATION_MODEL_APPROXIMATE;MAINTENANCE_MARGIN_APPROXIMATE,2024-09-28T00:00:00+00:00,2025-09-27T23:59:59.999000+00:00,2025-09-28T00:00:00+00:00,2025-12-26T23:59:59.999000+00:00,f39c7a3fdeffb86306cf1254477317805b9d38d3a5674f86a63ce31d48798347,,,,,
FUTURES_LONG_SHORT_BASELINE_1X,VALIDATION,HIGH_COST,CONSOLIDATED,,33,,,,,,,,,154.8701582630245963257142857,,,-4.443289225058997136172675,,,,,,,,,,,,,,,,,4,100,1.235999366957549573488139825,0.984461138247074318864810900,True
FUTURES_LONG_SHORT_BASELINE_1X,VALIDATION,STRESS_COST,1,1,10,0,10,1.753580250084920532262276700,2.580844066748837142857142848,5.567388977905669257634575224,50.0,1.292311821444445084892183156,17.53580250084920532262276644,86.43339180988851113142857142,0.135814927290016750000000,3.842825070786866821941951,3.707010143496850071941951,0,0,0,9.398148148148148148148148148,2.170975570283692123156407753,0.02169322640868617968683761502,17947.26543391778399882127597,24.55134328918806025962192908,False,False,LIQUIDATION_MODEL_APPROXIMATE;MAINTENANCE_MARGIN_APPROXIMATE,2024-01-02T00:00:00+00:00,2024-12-31T23:59:59.999000+00:00,2025-01-01T00:00:00+00:00,2025-03-31T23:59:59.999000+00:00,c481a30cfd29774c5ac3c88865d80f80a9d0df7789efd24cc898cf4b4a7dd872,,,,,
FUTURES_LONG_SHORT_BASELINE_1X,VALIDATION,STRESS_COST,2,1,10,6,4,-0.5399217191014905797230209900,0.4355545180480045142857142810,3.493606109966564985442159113,40.0,0.9193231335645455829866398205,-5.39921719101490579723021111,93.42365388103174917714285714,4.326987890872624654605189,0.203018056954864430874507,-4.123969833917760223730682,0,0,5.833333333333333333333333333,3.657407407407407407407407407,2.241629126536901198191191584,0.02234875219785895887081767266,17552.16300420541372978736007,27.18739427909614026528226305,False,False,LIQUIDATION_MODEL_APPROXIMATE;MAINTENANCE_MARGIN_APPROXIMATE,2024-04-01T00:00:00+00:00,2025-03-31T23:59:59.999000+00:00,2025-04-01T00:00:00+00:00,2025-06-29T23:59:59.999000+00:00,0ee8c2a5fc594ceb05315602958b73e3205db92dfdd4766ea8b2c34ce13051d2,,,,,
FUTURES_LONG_SHORT_BASELINE_1X,VALIDATION,STRESS_COST,3,1,5,5,0,0.725809529316169001035628500,1.305930826565276400000000003,1.691873302984021807792203555,60.0,1.389362462282639671789302066,14.51619058632338002071257127,50.78508618464367191999999999,7.227043540267067976437144,0,-7.227043540267067976437144,0,0,12.36111111111111111111111111,0,3.090458868177016507731077309,0.03097236533166923161282544398,2.00E+4,36.94817326710759696149268537,False,False,LIQUIDATION_MODEL_APPROXIMATE;MAINTENANCE_MARGIN_APPROXIMATE,2024-06-30T00:00:00+00:00,2025-06-29T23:59:59.999000+00:00,2025-06-30T00:00:00+00:00,2025-09-27T23:59:59.999000+00:00,fe37378d111ea376ca5028a72626f352a4050859db839351a331073f39b98ed7,,,,,
FUTURES_LONG_SHORT_BASELINE_1X,VALIDATION,STRESS_COST,4,1,8,1,7,-0.6183779552483365202223152300,0.09299569373825485714285714170,3.092521457752202809357299577,37.500,0.8819048284981247097109547518,-7.729724440604206502778938938,74.29725369074523284571428571,0.911945946268236379926104,4.071834738354331489123164,3.159888792086095109197060,0,0,0.7870370370370370370370370370,11.01851851851851851851851852,2.647525867544672389318066595,0.02631642547995924718595610252,18429.96919415785494944453696,36.58765540451683882918410395,False,False,LIQUIDATION_MODEL_APPROXIMATE;MAINTENANCE_MARGIN_APPROXIMATE,2024-09-28T00:00:00+00:00,2025-09-27T23:59:59.999000+00:00,2025-09-28T00:00:00+00:00,2025-12-26T23:59:59.999000+00:00,f39c7a3fdeffb86306cf1254477317805b9d38d3a5674f86a63ce31d48798347,,,,,
FUTURES_LONG_SHORT_BASELINE_1X,VALIDATION,STRESS_COST,CONSOLIDATED,,33,,,,,,,,,304.9393855663091650742857143,,,-4.484114438601883019028815,,,,,,,,,,,,,,,,,4,50.0,0.330272526262815608338142245,0.0929439051073392106563037550,True
FUTURES_LONG_SHORT_TIME_EXIT_12_1X,VALIDATION,LOW_COST,1,1,10,0,10,5.419559601369323216386006700,5.524808988597442464285714275,2.170343328271549597383511285,60.0,2.982944097256607603129092750,54.19559601369323216386006684,11.05695571171270511589285714,0.145261629393619650000000,0.677278618294399975922098,0.532016988900780325922098,0,0,0,3.101851851851851851851851852,0.6681957952123299368274457287,0.006709990856445758861298828375,18534.81764050108575625168411,25.15305520677121897978845861,False,False,LIQUIDATION_MODEL_APPROXIMATE;MAINTENANCE_MARGIN_APPROXIMATE,2024-01-02T00:00:00+00:00,2024-12-31T23:59:59.999000+00:00,2025-01-01T00:00:00+00:00,2025-03-31T23:59:59.999000+00:00,c481a30cfd29774c5ac3c88865d80f80a9d0df7789efd24cc898cf4b4a7dd872,,,,,
FUTURES_LONG_SHORT_TIME_EXIT_12_1X,VALIDATION,LOW_COST,2,1,13,8,5,6.002495042022157169919868700,6.191644946620850749999999994,1.105863121059982474901191607,53.84615384615384615384615385,3.428366075352687135603008033,46.17303878478582438399898998,16.08374582642306458946428572,3.016977083691828106330152,0.185732450245534687781308,-2.831244633446293418548844,0,0,3.611111111111111111111111111,2.222222222222222222222222222,1.409276494724902588233505512,0.01413732677176059608884986754,17644.42413473118916464293471,23.07028383155306720051668092,False,False,LIQUIDATION_MODEL_APPROXIMATE;MAINTENANCE_MARGIN_APPROXIMATE,2024-04-01T00:00:00+00:00,2025-03-31T23:59:59.999000+00:00,2025-04-01T00:00:00+00:00,2025-06-29T23:59:59.999000+00:00,0ee8c2a5fc594ceb05315602958b73e3205db92dfdd4766ea8b2c34ce13051d2,,,,,
FUTURES_LONG_SHORT_TIME_EXIT_12_1X,VALIDATION,LOW_COST,3,1,10,10,0,0.171950786268814579088286900,0.3295403061172592642857142891,1.353878621112897837622815193,60.0,1.075879040784539774852559707,1.71950786268814579088286901,12.52526635103568443160714286,3.233685633808784088135596,0,-3.233685633808784088135596,0,0,4.537037037037037037037037037,0,1.134681949675901622988569037,0.01133351878073443085071431448,2.00E+4,51.28852575483910317439971378,False,False,LIQUIDATION_MODEL_APPROXIMATE;MAINTENANCE_MARGIN_APPROXIMATE,2024-06-30T00:00:00+00:00,2025-06-29T23:59:59.999000+00:00,2025-06-30T00:00:00+00:00,2025-09-27T23:59:59.999000+00:00,fe37378d111ea376ca5028a72626f352a4050859db839351a331073f39b98ed7,,,,,
FUTURES_LONG_SHORT_TIME_EXIT_12_1X,VALIDATION,LOW_COST,4,1,9,1,8,0.542077915374610229811760800,0.6476712471431842642857142881,2.734189990780911956886659502,33.33333333333333333333333333,1.163444588598052404498592078,6.023087948606780331241786858,10.89101226616254509339285714,0.658536092293644034000000,0.990215181598785679997510,0.331679089305141645997510,0,0,0.5092592592592592592592592593,3.055555555555555555555555556,0.8424322770850594087195925606,0.008419586996351482337472216218,18524.38698850772131990797370,44.88603797101742742131245022,False,False,LIQUIDATION_MODEL_APPROXIMATE;MAINTENANCE_MARGIN_APPROXIMATE,2024-09-28T00:00:00+00:00,2025-09-27T23:59:59.999000+00:00,2025-09-28T00:00:00+00:00,2025-12-26T23:59:59.999000+00:00,f39c7a3fdeffb86306cf1254477317805b9d38d3a5674f86a63ce31d48798347,,,,,
FUTURES_LONG_SHORT_TIME_EXIT_12_1X,VALIDATION,LOW_COST,CONSOLIDATED,,42,,,,,,,,,50.55698015533399923035714286,,,-5.201234189049155534764832,,,,,,,,,,,,,,,,,4,100,3.034020836258726298801480775,2.980818758371966723098883750,True
FUTURES_LONG_SHORT_TIME_EXIT_12_1X,VALIDATION,BASE_COST,1,1,10,0,10,5.138023082798711984344346500,5.352845366575744299999999989,2.274647219285428805403678431,60.0,2.822321127672895111583485137,51.38023082798711984344346459,22.01421941758011827500000000,0.144039186107888190000000,0.676030225984774899434647,0.531991039876886709434647,0,0,0,3.101851851851851851851851852,0.6655108887687390869055171829,0.006685384649660425912507805199,18521.32573215899064294733950,25.45839817043323171928773645,False,False,LIQUIDATION_MODEL_APPROXIMATE;MAINTENANCE_MARGIN_APPROXIMATE,2024-01-02T00:00:00+00:00,2024-12-31T23:59:59.999000+00:00,2025-01-01T00:00:00+00:00,2025-03-31T23:59:59.999000+00:00,c481a30cfd29774c5ac3c88865d80f80a9d0df7789efd24cc898cf4b4a7dd872,,,,,
FUTURES_LONG_SHORT_TIME_EXIT_12_1X,VALIDATION,BASE_COST,2,1,13,8,5,5.592767585615202905385506700,5.941341204235682599999999994,1.118633498068408843164205482,53.84615384615384615384615385,3.127136986029245555673231405,43.02128912011694542604235923,32.03678847108744340142857143,3.005709340779301190959268,0.185135949818775130938510,-2.820573390960526060020758,0,0,3.611111111111111111111111111,2.222222222222222222222222222,1.406398438289032328223790048,0.01410725568207010968730724304,17631.24397322750695966356690,23.24614143963485050137140773,False,False,LIQUIDATION_MODEL_APPROXIMATE;MAINTENANCE_MARGIN_APPROXIMATE,2024-04-01T00:00:00+00:00,2025-03-31T23:59:59.999000+00:00,2025-04-01T00:00:00+00:00,2025-06-29T23:59:59.999000+00:00,0ee8c2a5fc594ceb05315602958b73e3205db92dfdd4766ea8b2c34ce13051d2,,,,,
FUTURES_LONG_SHORT_TIME_EXIT_12_1X,VALIDATION,BASE_COST,3,1,10,10,0,-0.1282498408869107791016363400,0.1541096865062988714285714325,1.456679436586503035651246708,60.0,0.9461482200471696094800632116,-1.282498408869107791016363728,25.00795536740631628357142857,3.227997371914648769449352,0,-3.227997371914648769449352,0,0,4.537037037037037037037037037,0,1.134852042856257011433147681,0.01133125324664096995753971512,2.00E+4,54.04891466199435759719278504,False,False,LIQUIDATION_MODEL_APPROXIMATE;MAINTENANCE_MARGIN_APPROXIMATE,2024-06-30T00:00:00+00:00,2025-06-29T23:59:59.999000+00:00,2025-06-30T00:00:00+00:00,2025-09-27T23:59:59.999000+00:00,fe37378d111ea376ca5028a72626f352a4050859db839351a331073f39b98ed7,,,,,
FUTURES_LONG_SHORT_TIME_EXIT_12_1X,VALIDATION,BASE_COST,4,1,9,1,8,0.297871459336482594224201400,0.5114876506608162857142857170,2.862806098148739806304994543,33.33333333333333333333333333,1.085666073233883014113500811,3.309682881516473269157792666,21.68983888238990903571428571,0.656369592941852934000000,0.984589342898392820705848,0.328219749956539886705848,0,0,0.5092592592592592592592592593,3.055555555555555555555555556,0.8391425474847796644992358829,0.008388691166085537421358120597,18510.89873217202612412748274,45.12971146316686044324837543,False,False,LIQUIDATION_MODEL_APPROXIMATE;MAINTENANCE_MARGIN_APPROXIMATE,2024-09-28T00:00:00+00:00,2025-09-27T23:59:59.999000+00:00,2025-09-28T00:00:00+00:00,2025-12-26T23:59:59.999000+00:00,f39c7a3fdeffb86306cf1254477317805b9d38d3a5674f86a63ce31d48798347,,,,,
FUTURES_LONG_SHORT_TIME_EXIT_12_1X,VALIDATION,BASE_COST,CONSOLIDATED,,42,,,,,,,,,100.7488021384637869957142857,,,-5.188359973041748233329615,,,,,,,,,,,,,,,,,4,75.00,2.725103071715871676213104565,2.717947271067597289284273950,True
FUTURES_LONG_SHORT_TIME_EXIT_12_1X,VALIDATION,HIGH_COST,1,1,10,0,10,4.58033053755808144036210900,5.011074225341982971428571419,2.482601692213788606227729820,60.0,2.532266064561140273001272865,45.80330537558081440362108981,43.60613575414307202285714286,0.141643430692441710000000,0.673410406445360626210899,0.531766975752918916210899,0,0,0,3.101851851851851851851851852,0.6594754117463979693274684315,0.006629681874833385826963699907,18494.34191547480041633865028,26.11829057762673021397349786,False,False,LIQUIDATION_MODEL_APPROXIMATE;MAINTENANCE_MARGIN_APPROXIMATE,2024-01-02T00:00:00+00:00,2024-12-31T23:59:59.999000+00:00,2025-01-01T00:00:00+00:00,2025-03-31T23:59:59.999000+00:00,c481a30cfd29774c5ac3c88865d80f80a9d0df7789efd24cc898cf4b4a7dd872,,,,,
FUTURES_LONG_SHORT_TIME_EXIT_12_1X,VALIDATION,HIGH_COST,2,1,13,8,5,4.78363477784687062969027700,5.447243304022805085714285707,1.348500465666117971712833161,53.84615384615384615384615385,2.626738906699520409432008094,36.79719059882208176684828479,63.56122046798564437142857144,2.983590869937899020842420,0.183958720330097789870123,-2.799632149607801230972297,0,0,3.611111111111111111111111111,2.222222222222222222222222222,1.400785052718951120177100542,0.01404852002520578281176675576,17604.88365022014254970483129,23.63927198992817498855333753,False,False,LIQUIDATION_MODEL_APPROXIMATE;MAINTENANCE_MARGIN_APPROXIMATE,2024-04-01T00:00:00+00:00,2025-03-31T23:59:59.999000+00:00,2025-04-01T00:00:00+00:00,2025-06-29T23:59:59.999000+00:00,0ee8c2a5fc594ceb05315602958b73e3205db92dfdd4766ea8b2c34ce13051d2,,,,,
FUTURES_LONG_SHORT_TIME_EXIT_12_1X,VALIDATION,HIGH_COST,3,1,10,10,0,-0.7255977389949705276679606800,-0.1949686217446547428571428531,1.661843143800076720015758792,50.0,0.7273420091052515499372570440,-7.255977389949705276679606304,49.84624562324174676571428572,3.216666101789831715367492,0,-3.216666101789831715367492,0,0,4.537037037037037037037037037,0,1.135192184090295017563063146,0.01132672647845813426510922617,2.00E+4,59.56926086756431030850773225,False,False,LIQUIDATION_MODEL_APPROXIMATE;MAINTENANCE_MARGIN_APPROXIMATE,2024-06-30T00:00:00+00:00,2025-06-29T23:59:59.999000+00:00,2025-06-30T00:00:00+00:00,2025-09-27T23:59:59.999000+00:00,fe37378d111ea376ca5028a72626f352a4050859db839351a331073f39b98ed7,,,,,
FUTURES_LONG_SHORT_TIME_EXIT_12_1X,VALIDATION,HIGH_COST,4,1,9,1,8,-0.18379314898137313857733700,0.2431101273279816000000000020,3.115319797170065888524088809,33.33333333333333333333333333,0.9515372013111176687740100555,-2.042146099793034873081521759,43.01134374983208216000000000,0.652111520625277778000000,0.973127639521886080266304,0.321016118896608302266304,0,0,0.5092592592592592592592592593,3.055555555555555555555555556,0.8325118071202015545830937375,0.008326315949293074831569110241,18483.92221950063573256650081,45.63657827453234256476582899,False,False,LIQUIDATION_MODEL_APPROXIMATE;MAINTENANCE_MARGIN_APPROXIMATE,2024-09-28T00:00:00+00:00,2025-09-27T23:59:59.999000+00:00,2025-09-28T00:00:00+00:00,2025-12-26T23:59:59.999000+00:00,f39c7a3fdeffb86306cf1254477317805b9d38d3a5674f86a63ce31d48798347,,,,,
FUTURES_LONG_SHORT_TIME_EXIT_12_1X,VALIDATION,HIGH_COST,CONSOLIDATED,,42,,,,,,,,,200.0249455952025453200000000,,,-5.163515156748105727862586,,,,,,,,,,,,,,,,,4,50.0,2.113643606857152100951772080,2.19826869428835415089238600,True
FUTURES_LONG_SHORT_TIME_EXIT_12_1X,VALIDATION,STRESS_COST,1,1,10,0,10,3.486164667862034949884157900,4.336148866529598114285714274,2.887041506354490565655413680,50.0,2.039026362579475315423782058,34.86164667862034949884157863,85.52981996367201093714285714,0.137040356357913660000000,0.668440453273608156987216,0.531400096915694496987216,0,0,0,3.101851851851851851851851852,0.6475386520525386469335384940,0.006519364195979549792229181574,18440.37428210641996312127184,27.51408497180740628868141377,False,False,LIQUIDATION_MODEL_APPROXIMATE;MAINTENANCE_MARGIN_APPROXIMATE,2024-01-02T00:00:00+00:00,2024-12-31T23:59:59.999000+00:00,2025-01-01T00:00:00+00:00,2025-03-31T23:59:59.999000+00:00,c481a30cfd29774c5ac3c88865d80f80a9d0df7789efd24cc898cf4b4a7dd872,,,,,
FUTURES_LONG_SHORT_TIME_EXIT_12_1X,VALIDATION,STRESS_COST,2,1,13,8,5,3.204738640471124575510821400,4.483852152835347828571428565,1.805380003666472736831566168,53.84615384615384615384615385,1.902718991213538201024009781,24.65183569593172750392939505,125.1520824138198780228571428,2.940933077140532360084008,0.181664254538085076880430,-2.759268822602447283203578,0,0,3.611111111111111111111111111,2.222222222222222222222222222,1.390098464940896870606961996,0.01393637351929908817834680395,17552.16300420541372978736007,24.62561985813079377579218745,False,False,LIQUIDATION_MODEL_APPROXIMATE;MAINTENANCE_MARGIN_APPROXIMATE,2024-04-01T00:00:00+00:00,2025-03-31T23:59:59.999000+00:00,2025-04-01T00:00:00+00:00,2025-06-29T23:59:59.999000+00:00,0ee8c2a5fc594ceb05315602958b73e3205db92dfdd4766ea8b2c34ce13051d2,,,,,
FUTURES_LONG_SHORT_TIME_EXIT_12_1X,VALIDATION,STRESS_COST,3,1,10,10,0,-1.908187380137603491852442350,-0.8860561097818706285714285673,2.339988308783551640065302025,40.0,0.4179221122024840548723475980,-19.0818738013760349185244235,99.01894390951217771428571428,3.194183126061108613815664,0,-3.194183126061108613815664,0,0,4.537037037037037037037037037,0,1.135872243842651040097035598,0.01131768968214294933726211382,2.00E+4,74.77837209582760163581780372,False,False,LIQUIDATION_MODEL_APPROXIMATE;MAINTENANCE_MARGIN_APPROXIMATE,2024-06-30T00:00:00+00:00,2025-06-29T23:59:59.999000+00:00,2025-06-30T00:00:00+00:00,2025-09-27T23:59:59.999000+00:00,fe37378d111ea376ca5028a72626f352a4050859db839351a331073f39b98ed7,,,,,
FUTURES_LONG_SHORT_TIME_EXIT_12_1X,VALIDATION,STRESS_COST,4,1,9,1,8,-1.125159335738684970776200230,-0.2820706395261451428571428547,3.606025691227801615720008898,33.33333333333333333333333333,0.7445738222396832676459229236,-12.50177039709649967529111378,84.61627806349606982857142856,0.643872658366083354000000,0.951281100608170390665690,0.307408442242087036665690,0,0,0.5092592592592592592592592593,3.055555555555555555555555556,0.8198594487370167162986322671,0.008207431187680970212222721875,18429.96919415785494944453696,46.74244603506926547777521862,False,False,LIQUIDATION_MODEL_APPROXIMATE;MAINTENANCE_MARGIN_APPROXIMATE,2024-09-28T00:00:00+00:00,2025-09-27T23:59:59.999000+00:00,2025-09-28T00:00:00+00:00,2025-12-26T23:59:59.999000+00:00,f39c7a3fdeffb86306cf1254477317805b9d38d3a5674f86a63ce31d48798347,,,,,
FUTURES_LONG_SHORT_TIME_EXIT_12_1X,VALIDATION,STRESS_COST,CONSOLIDATED,,42,,,,,,,,,394.3171243505001365028571428,,,-5.114643409505774363366336,,,,,,,,,,,,,,,,,4,50.0,0.914389148114217765691584180,1.039789652366219802367310585,True
FUTURES_LONG_SHORT_TIME_EXIT_24_1X,VALIDATION,LOW_COST,1,1,10,0,10,2.449107369856306547502866400,2.550713402800833728571428560,4.615455738149978419361603212,40.0,1.486316748605589284061710340,24.49107369856306547502866418,11.07097299247046944928571429,0.142327938733613400000000,1.052697636751364742429500,0.910369698017751342429500,0,0,0,4.675925925925925925925925926,1.026555212141785685340460911,0.01033471801443147564288242305,18040.49728340945926035067040,27.32784013589645217251316673,False,False,LIQUIDATION_MODEL_APPROXIMATE;MAINTENANCE_MARGIN_APPROXIMATE,2024-01-02T00:00:00+00:00,2024-12-31T23:59:59.999000+00:00,2025-01-01T00:00:00+00:00,2025-03-31T23:59:59.999000+00:00,c481a30cfd29774c5ac3c88865d80f80a9d0df7789efd24cc898cf4b4a7dd872,,,,,
FUTURES_LONG_SHORT_TIME_EXIT_24_1X,VALIDATION,LOW_COST,2,1,11,7,4,4.667317333524261179442274200,4.838334659627805007142857134,2.204457900579533662224891921,63.63636363636363636363636364,2.778783962952533771658111214,42.43015757749328344947522001,13.40680095282878497303571429,3.911022448323775481158204,0.216090790798177684135625,-3.694931657525597797022579,0,0,5.324074074074074074074074074,2.824074074074074074074074074,1.973870758184498738563466792,0.01975072282091182642403070599,17644.42413473118916464293471,26.81383121230072245829231003,False,False,LIQUIDATION_MODEL_APPROXIMATE;MAINTENANCE_MARGIN_APPROXIMATE,2024-04-01T00:00:00+00:00,2025-03-31T23:59:59.999000+00:00,2025-04-01T00:00:00+00:00,2025-06-29T23:59:59.999000+00:00,0ee8c2a5fc594ceb05315602958b73e3205db92dfdd4766ea8b2c34ce13051d2,,,,,
FUTURES_LONG_SHORT_TIME_EXIT_24_1X,VALIDATION,LOW_COST,3,1,6,6,0,0.622909838709363453265840300,0.7333437688877891214285714289,1.114297169336502619972940753,50.0,1.600720391613579789769222530,10.38183064515605755443067143,7.538991871474579505535714285,3.504401146367987310737400,0,-3.504401146367987310737400,0,0,4.953703703703703703703703704,0,1.237476019174205044175420169,0.01241746453983454609041445267,2.00E+4,75.46772436328759460562396144,False,False,LIQUIDATION_MODEL_APPROXIMATE;MAINTENANCE_MARGIN_APPROXIMATE,2024-06-30T00:00:00+00:00,2025-06-29T23:59:59.999000+00:00,2025-06-30T00:00:00+00:00,2025-09-27T23:59:59.999000+00:00,fe37378d111ea376ca5028a72626f352a4050859db839351a331073f39b98ed7,,,,,
FUTURES_LONG_SHORT_TIME_EXIT_24_1X,VALIDATION,LOW_COST,4,1,9,1,8,0.672187935598347534346177500,0.7784059807976872928571428570,2.749652906818003026104112235,33.33333333333333333333333333,1.185440944687961717274565178,7.468754839981639270513083459,10.89818442821692409732142857,0.909391419573277990017742,1.185771327856226236242636,0.276379908282948246224894,0,0,0.7870370370370370370370370370,4.675925925925925925925925926,1.272606019315825877713083444,0.01271288027573467960869642945,18524.38698850772131990797370,40.30724715372397116243216910,False,False,LIQUIDATION_MODEL_APPROXIMATE;MAINTENANCE_MARGIN_APPROXIMATE,2024-09-28T00:00:00+00:00,2025-09-27T23:59:59.999000+00:00,2025-09-28T00:00:00+00:00,2025-12-26T23:59:59.999000+00:00,f39c7a3fdeffb86306cf1254477317805b9d38d3a5674f86a63ce31d48798347,,,,,
FUTURES_LONG_SHORT_TIME_EXIT_24_1X,VALIDATION,LOW_COST,CONSOLIDATED,,36,,,,,,,,,42.91495024499075802517857143,,,-6.012583197592885519105585,,,,,,,,,,,,,,,,,4,100,2.102880619422069678639289600,1.560647652727327040924521950,True
FUTURES_LONG_SHORT_TIME_EXIT_24_1X,VALIDATION,BASE_COST,1,1,10,0,10,2.188418354555702119810774900,2.399754529468923085714285705,4.715970149665467972329306837,40.0,1.423577280941969696047195932,21.88418354555702119810774988,22.04235920084552627571428572,0.141142231095792760000000,1.049883940619222445363214,0.908741709523429685363214,0,0,0,4.675925925925925925925925926,1.022583979494509113096606360,0.01029828937076116716319417879,18027.17844776779136584647119,27.47542600069550048647871698,False,False,LIQUIDATION_MODEL_APPROXIMATE;MAINTENANCE_MARGIN_APPROXIMATE,2024-01-02T00:00:00+00:00,2024-12-31T23:59:59.999000+00:00,2025-01-01T00:00:00+00:00,2025-03-31T23:59:59.999000+00:00,c481a30cfd29774c5ac3c88865d80f80a9d0df7789efd24cc898cf4b4a7dd872,,,,,
FUTURES_LONG_SHORT_TIME_EXIT_24_1X,VALIDATION,BASE_COST,2,1,11,7,4,4.322380271344605489542491900,4.626210772960848842857142848,2.286895076698260458866460298,63.63636363636363636363636364,2.585855818819229705111522941,39.29436610313277717765901687,26.70038484384921542214285714,3.896712674405303823418318,0.214047356630183914096076,-3.682665317775119909322242,0,0,5.324074074074074074074074074,2.824074074074074074074074074,1.968885383050279560371529700,0.01969904557694560860180574696,17631.24397322750695966356690,27.11849082459042984271161388,False,False,LIQUIDATION_MODEL_APPROXIMATE;MAINTENANCE_MARGIN_APPROXIMATE,2024-04-01T00:00:00+00:00,2025-03-31T23:59:59.999000+00:00,2025-04-01T00:00:00+00:00,2025-06-29T23:59:59.999000+00:00,0ee8c2a5fc594ceb05315602958b73e3205db92dfdd4766ea8b2c34ce13051d2,,,,,
FUTURES_LONG_SHORT_TIME_EXIT_24_1X,VALIDATION,BASE_COST,3,1,6,6,0,0.441523574114593857490136100,0.6271424920163323571428571432,1.187451510480666540974387855,50.0,1.392242642304423279452563368,7.358726235243230958168935913,15.06135153677976181785714286,3.500540253394088147414956,0,-3.500540253394088147414956,0,0,4.953703703703703703703703704,0,1.237661802758761695098043151,0.01241498515036707278176394231,2.00E+4,77.89552866420263587639030428,False,False,LIQUIDATION_MODEL_APPROXIMATE;MAINTENANCE_MARGIN_APPROXIMATE,2024-06-30T00:00:00+00:00,2025-06-29T23:59:59.999000+00:00,2025-06-30T00:00:00+00:00,2025-09-27T23:59:59.999000+00:00,fe37378d111ea376ca5028a72626f352a4050859db839351a331073f39b98ed7,,,,,
FUTURES_LONG_SHORT_TIME_EXIT_24_1X,VALIDATION,BASE_COST,4,1,9,1,8,0.42225387486589062268807700,0.6365706634961936571428571433,2.880886472644615511472404264,33.33333333333333333333333333,1.111460297301150738990501990,4.691709720732118029867520478,21.70361049130930866000000000,0.906562071019068919841132,1.178493699298074134363102,0.271931628279005214521970,0,0,0.7870370370370370370370370370,4.675925925925925925925925926,1.266424149642212702051672744,0.01265411422796821500383459980,18510.89873217202612412748274,40.46051962572882195286128338,False,False,LIQUIDATION_MODEL_APPROXIMATE;MAINTENANCE_MARGIN_APPROXIMATE,2024-09-28T00:00:00+00:00,2025-09-27T23:59:59.999000+00:00,2025-09-28T00:00:00+00:00,2025-12-26T23:59:59.999000+00:00,f39c7a3fdeffb86306cf1254477317805b9d38d3a5674f86a63ce31d48798347,,,,,
FUTURES_LONG_SHORT_TIME_EXIT_24_1X,VALIDATION,BASE_COST,CONSOLIDATED,,36,,,,,,,,,85.50770607278381217571428572,,,-6.002532233366773156852014,,,,,,,,,,,,,,,,,4,100,1.843644018720198022382869975,1.314970964335147988650455500,True
FUTURES_LONG_SHORT_TIME_EXIT_24_1X,VALIDATION,HIGH_COST,1,1,10,0,10,1.678843772023394092561431600,2.106426819033164942857142846,4.909633644978496082824592381,40.0,1.309815382350333980777715046,16.7884377202339409256143155,43.66268632811240698571428571,0.138827798016754020000000,1.043209425152075976143156,0.904381627135321956143156,0,0,0,4.675925925925925925925925926,1.013169886117563929928281062,0.01021078146143983616756160470,18000.54077648445557683807279,27.78504668876177265407823520,False,False,LIQUIDATION_MODEL_APPROXIMATE;MAINTENANCE_MARGIN_APPROXIMATE,2024-01-02T00:00:00+00:00,2024-12-31T23:59:59.999000+00:00,2025-01-01T00:00:00+00:00,2025-03-31T23:59:59.999000+00:00,c481a30cfd29774c5ac3c88865d80f80a9d0df7789efd24cc898cf4b4a7dd872,,,,,
FUTURES_LONG_SHORT_TIME_EXIT_24_1X,VALIDATION,HIGH_COST,2,1,11,7,4,3.641576782972997225449541100,4.207737489165437114285714277,2.458664458637134367489767652,63.63636363636363636363636364,2.243757970725422943046149821,33.10524348157270204954128335,52.95750341896166830000000000,3.868643348069842668467114,0.210076147787522084849803,-3.658567200282320583617311,0,0,5.324074074074074074074074074,2.824074074074074074074074074,1.959160956357048335936781862,0.01959811162754847831429459327,17604.88365022014254970483129,27.79467254994805256431802240,False,False,LIQUIDATION_MODEL_APPROXIMATE;MAINTENANCE_MARGIN_APPROXIMATE,2024-04-01T00:00:00+00:00,2025-03-31T23:59:59.999000+00:00,2025-04-01T00:00:00+00:00,2025-06-29T23:59:59.999000+00:00,0ee8c2a5fc594ceb05315602958b73e3205db92dfdd4766ea8b2c34ce13051d2,,,,,
FUTURES_LONG_SHORT_TIME_EXIT_24_1X,VALIDATION,HIGH_COST,3,1,6,6,0,0.079947777384332242660781400,0.4154396322963911714285714289,1.334340488519501438292616655,50.0,1.061381234844278872787553053,1.332462956405537377679688963,30.05634632321446631714285714,3.492839167991426559636152,0,-3.492839167991426559636152,0,0,4.953703703703703703703703704,0,1.238033319669384951195797644,0.01241003106735617929194473537,2.00E+4,83.70277664901521535796467062,False,False,LIQUIDATION_MODEL_APPROXIMATE;MAINTENANCE_MARGIN_APPROXIMATE,2024-06-30T00:00:00+00:00,2025-06-29T23:59:59.999000+00:00,2025-06-30T00:00:00+00:00,2025-09-27T23:59:59.999000+00:00,fe37378d111ea376ca5028a72626f352a4050859db839351a331073f39b98ed7,,,,,
FUTURES_LONG_SHORT_TIME_EXIT_24_1X,VALIDATION,HIGH_COST,4,1,9,1,8,-0.0713127297174858123169169600,0.3564273968212513714285714283,3.139212313681969929589721401,33.33333333333333333333333333,0.9826503675828815736210336399,-0.7923636635276201368546327511,43.03663091940308070857142857,0.900993701141165322852324,1.163611966670527656874915,0.262618265529362334022591,0,0,0.7870370370370370370370370370,4.675925925925925925925925926,1.253918424301307464057261091,0.01253502659933072027364991818,18483.92221950063573256650081,40.77405186068764663247770288,False,False,LIQUIDATION_MODEL_APPROXIMATE;MAINTENANCE_MARGIN_APPROXIMATE,2024-09-28T00:00:00+00:00,2025-09-27T23:59:59.999000+00:00,2025-09-28T00:00:00+00:00,2025-12-26T23:59:59.999000+00:00,f39c7a3fdeffb86306cf1254477317805b9d38d3a5674f86a63ce31d48798347,,,,,
FUTURES_LONG_SHORT_TIME_EXIT_24_1X,VALIDATION,HIGH_COST,CONSOLIDATED,,36,,,,,,,,,169.7131669896916223114285714,,,-5.984406475609062853087716,,,,,,,,,,,,,,,,,4,75.00,1.332263900665809437088709285,0.879395774703863167611106500,True
FUTURES_LONG_SHORT_TIME_EXIT_24_1X,VALIDATION,STRESS_COST,1,1,10,0,10,0.67659295773357067185325900,1.524069516557651199999999989,5.285369291334888259766590811,40.0,1.114524971131811730821626903,6.76592957733570671853259169,85.64381597133719536000000000,0.134377425929221060000000,1.030537514858363605325918,0.896160088929142545325918,0,0,0,4.675925925925925925925925926,0.9947823325989795242494264634,0.01003983406313387010597672363,17947.26543391778399882127597,28.51599277033210857294215926,False,False,LIQUIDATION_MODEL_APPROXIMATE;MAINTENANCE_MARGIN_APPROXIMATE,2024-01-02T00:00:00+00:00,2024-12-31T23:59:59.999000+00:00,2025-01-01T00:00:00+00:00,2025-03-31T23:59:59.999000+00:00,c481a30cfd29774c5ac3c88865d80f80a9d0df7789efd24cc898cf4b4a7dd872,,,,,
FUTURES_LONG_SHORT_TIME_EXIT_24_1X,VALIDATION,STRESS_COST,2,1,11,7,4,2.314474130258313350953801100,3.392739192054262914285714278,2.800224115539847801695145287,63.63636363636363636363636364,1.695411368522026401822879888,21.04067391143921228139819126,104.2144869312467106628571428,3.814587171194615372699870,0.202567922846369702365689,-3.612019248348245670334181,0,0,5.324074074074074074074074074,2.824074074074074074074074074,1.940644068007613160424118976,0.01940540401457068750557215944,17552.16300420541372978736007,29.47923614137824668292067890,False,False,LIQUIDATION_MODEL_APPROXIMATE;MAINTENANCE_MARGIN_APPROXIMATE,2024-04-01T00:00:00+00:00,2025-03-31T23:59:59.999000+00:00,2025-04-01T00:00:00+00:00,2025-06-29T23:59:59.999000+00:00,0ee8c2a5fc594ceb05315602958b73e3205db92dfdd4766ea8b2c34ce13051d2,,,,,
FUTURES_LONG_SHORT_TIME_EXIT_24_1X,VALIDATION,STRESS_COST,3,1,6,6,0,-0.6384457718389198921340145800,-0.00518424077923011428571428600,1.627138375869115161924913861,33.33333333333333333333333333,0.6229502336478614771791478204,-10.64076286398199820223357562,59.84863387451110309714285714,3.477519231457874687687168,0,-3.477519231457874687687168,0,0,4.953703703703703703703703704,0,1.238776110259867262155976817,0.01240014121508238473899568085,2.00E+4,97.70448388250076344211901509,False,False,LIQUIDATION_MODEL_APPROXIMATE;MAINTENANCE_MARGIN_APPROXIMATE,2024-06-30T00:00:00+00:00,2025-06-29T23:59:59.999000+00:00,2025-06-30T00:00:00+00:00,2025-09-27T23:59:59.999000+00:00,fe37378d111ea376ca5028a72626f352a4050859db839351a331073f39b98ed7,,,,,
FUTURES_LONG_SHORT_TIME_EXIT_24_1X,VALIDATION,STRESS_COST,4,1,9,1,8,-1.035188734522153056885095260,-0.1910548826316325714285714284,3.640838871587214783289193136,33.33333333333333333333333333,0.7813858986737817023743335542,-11.50209705024614507650105954,84.65846490359061936000000000,0.890198602599324159757112,1.135278317137894974104719,0.245079714538570814347607,0,0,0.7870370370370370370370370370,4.675925925925925925925925926,1.230047764416461017874953594,0.01230781336180614677789393539,18429.96919415785494944453696,41.43438406435997072626086658,False,False,LIQUIDATION_MODEL_APPROXIMATE;MAINTENANCE_MARGIN_APPROXIMATE,2024-09-28T00:00:00+00:00,2025-09-27T23:59:59.999000+00:00,2025-09-28T00:00:00+00:00,2025-12-26T23:59:59.999000+00:00,f39c7a3fdeffb86306cf1254477317805b9d38d3a5674f86a63ce31d48798347,,,,,
FUTURES_LONG_SHORT_TIME_EXIT_24_1X,VALIDATION,STRESS_COST,CONSOLIDATED,,36,,,,,,,,,334.3654016806856284799999999,,,-5.948298676338406998347824,,,,,,,,,,,,,,,,,4,50.0,0.329358145407702768446987565,0.0190735929473253898596222100,True
FUTURES_LONG_SHORT_TARGET_R_2_5_1X,VALIDATION,LOW_COST,1,1,8,0,8,4.183676614737371358389072100,4.225263989816201825000000003,3.283562579538289244600435357,50.0,1.974961971136438198837249383,52.29595768421714197986340118,8.518974387168082386875000000,0.367059707462582694126520,4.727296586747618419908729,4.360236879285035725782209,0,0,0,11.89814814814814814814814815,2.744077488744190859858948554,0.02722601849173763016258373207,18040.49728340945926035067040,30.37064437807641811401984109,False,False,LIQUIDATION_MODEL_APPROXIMATE;MAINTENANCE_MARGIN_APPROXIMATE,2024-01-02T00:00:00+00:00,2024-12-31T23:59:59.999000+00:00,2025-01-01T00:00:00+00:00,2025-03-31T23:59:59.999000+00:00,c481a30cfd29774c5ac3c88865d80f80a9d0df7789efd24cc898cf4b4a7dd872,,,,,
FUTURES_LONG_SHORT_TARGET_R_2_5_1X,VALIDATION,LOW_COST,2,1,9,5,4,4.455182156667023458555770100,4.611332877777014503571428545,2.905273782122105985824833558,44.44444444444444444444444444,1.924704101911360502864835195,49.50202396296692731728633331,10.90091963883076626794642857,4.935739384430320521220055,0.221586912261982287600629,-4.714152472168338233619426,0,0,6.990740740740740740740740741,3.657407407407407407407407407,2.545865475749161906476938012,0.02564475859624142492555031523,17644.42413473118916464293471,27.28899562482687017468054933,False,False,LIQUIDATION_MODEL_APPROXIMATE;MAINTENANCE_MARGIN_APPROXIMATE,2024-04-01T00:00:00+00:00,2025-03-31T23:59:59.999000+00:00,2025-04-01T00:00:00+00:00,2025-06-29T23:59:59.999000+00:00,0ee8c2a5fc594ceb05315602958b73e3205db92dfdd4766ea8b2c34ce13051d2,,,,,
FUTURES_LONG_SHORT_TARGET_R_2_5_1X,VALIDATION,LOW_COST,3,1,5,5,0,2.645485592276067758952296700,2.785480454314598750000000005,1.490034903804241872554418403,60.0,2.804115256152096796230374530,52.9097118455213551790459349,6.441823405233950251250000000,7.557662798619148853520326,0,-7.557662798619148853520326,0,0,12.40740740740740740740740741,0,3.09863484514307258112779265,0.03113613648225138090374560473,2.00E+4,36.18833628715425738713472133,False,False,LIQUIDATION_MODEL_APPROXIMATE;MAINTENANCE_MARGIN_APPROXIMATE,2024-06-30T00:00:00+00:00,2025-06-29T23:59:59.999000+00:00,2025-06-30T00:00:00+00:00,2025-09-27T23:59:59.999000+00:00,fe37378d111ea376ca5028a72626f352a4050859db839351a331073f39b98ed7,,,,,
FUTURES_LONG_SHORT_TARGET_R_2_5_1X,VALIDATION,LOW_COST,4,1,8,1,7,2.21466650973844913301700,2.271593408776560689285714280,2.616710774471018554799507527,37.500,1.491129753765311747254243242,27.68333137173061416271250219,9.628428911945768212053571428,0.947603127493466105399710,4.883342135628078690581871,3.935739008134612585182161,0,0,0.7870370370370370370370370370,12.17592592592592592592592593,3.067819049494085503593268980,0.03030544724753938006784189596,18524.38698850772131990797370,37.70368276177811269121812188,False,False,LIQUIDATION_MODEL_APPROXIMATE;MAINTENANCE_MARGIN_APPROXIMATE,2024-09-28T00:00:00+00:00,2025-09-27T23:59:59.999000+00:00,2025-09-28T00:00:00+00:00,2025-12-26T23:59:59.999000+00:00,f39c7a3fdeffb86306cf1254477317805b9d38d3a5674f86a63ce31d48798347,,,,,
FUTURES_LONG_SHORT_TARGET_R_2_5_1X,VALIDATION,LOW_COST,CONSOLIDATED,,30,,,,,,,,,35.49014634317856711812500000,,,-3.975839383367838776175382,,,,,,,,,,,,,,,,,4,100,3.374752718354727927228534725,3.414581103506719558670684400,True
FUTURES_LONG_SHORT_TARGET_R_2_5_1X,VALIDATION,BASE_COST,1,1,8,0,8,3.986886912495059316825718300,4.112939418695091550000000003,3.316695467666864043764640017,50.0,1.917034781364833058393650078,49.83608640618824146032147766,16.96141606348104018250000000,0.364873224284643607093556,4.721038667762460472165377,4.356165443477816865071821,0,0,0,11.89814814814814814814814815,2.738758328826049367766260506,0.02718222707095777410572783500,18027.17844776779136584647119,30.25114499537067026841928673,False,False,LIQUIDATION_MODEL_APPROXIMATE;MAINTENANCE_MARGIN_APPROXIMATE,2024-01-02T00:00:00+00:00,2024-12-31T23:59:59.999000+00:00,2025-01-01T00:00:00+00:00,2025-03-31T23:59:59.999000+00:00,c481a30cfd29774c5ac3c88865d80f80a9d0df7789efd24cc898cf4b4a7dd872,,,,,
FUTURES_LONG_SHORT_TARGET_R_2_5_1X,VALIDATION,BASE_COST,2,1,9,5,4,4.16335103770974612328783600,4.427279268452474307142857116,2.986665224063528348627993631,44.44444444444444444444444444,1.843176640798188787282598906,46.25945597455273470319817713,21.70155412718069699392857143,4.910821807131036714638826,0.219552860038915323065280,-4.691268947092121391573546,0,0,6.990740740740740740740740741,3.657407407407407407407407407,2.535343599498015541979938874,0.02553515392799763025223773931,17631.24397322750695966356690,27.20781118290402930286179464,False,False,LIQUIDATION_MODEL_APPROXIMATE;MAINTENANCE_MARGIN_APPROXIMATE,2024-04-01T00:00:00+00:00,2025-03-31T23:59:59.999000+00:00,2025-04-01T00:00:00+00:00,2025-06-29T23:59:59.999000+00:00,0ee8c2a5fc594ceb05315602958b73e3205db92dfdd4766ea8b2c34ce13051d2,,,,,
FUTURES_LONG_SHORT_TARGET_R_2_5_1X,VALIDATION,BASE_COST,3,1,5,5,0,2.489862172995006784811955900,2.694089519176958514285714290,1.518928868913054555562901363,60.0,2.632168210755875744155199833,49.79724345990013569623912064,12.87121756830144058571428572,7.551517049893732361661540,0,-7.551517049893732361661540,0,0,12.40740740740740740740740741,0,3.099100225245282449065899089,0.03112992134880355183429605937,2.00E+4,36.25348358691121927225355901,False,False,LIQUIDATION_MODEL_APPROXIMATE;MAINTENANCE_MARGIN_APPROXIMATE,2024-06-30T00:00:00+00:00,2025-06-29T23:59:59.999000+00:00,2025-06-30T00:00:00+00:00,2025-09-27T23:59:59.999000+00:00,fe37378d111ea376ca5028a72626f352a4050859db839351a331073f39b98ed7,,,,,
FUTURES_LONG_SHORT_TARGET_R_2_5_1X,VALIDATION,BASE_COST,4,1,8,1,7,1.991590678361475439887303700,2.144286222833887228571428564,2.679323243086697300251414986,37.500,1.430697856365872355286705000,24.89488347951844299859129515,19.16946378309529855142857143,0.943562273619691852949110,4.843471609473811535965186,3.899909335854119683016076,0,0,0.7870370370370370370370370370,12.17592592592592592592592593,3.046613782920229464842409628,0.03010512265421646482040240667,18510.89873217202612412748274,37.54885776660461267608382068,False,False,LIQUIDATION_MODEL_APPROXIMATE;MAINTENANCE_MARGIN_APPROXIMATE,2024-09-28T00:00:00+00:00,2025-09-27T23:59:59.999000+00:00,2025-09-28T00:00:00+00:00,2025-12-26T23:59:59.999000+00:00,f39c7a3fdeffb86306cf1254477317805b9d38d3a5674f86a63ce31d48798347,,,,,
FUTURES_LONG_SHORT_TARGET_R_2_5_1X,VALIDATION,BASE_COST,CONSOLIDATED,,30,,,,,,,,,70.70365154205847631357142858,,,-3.986711217653917205147189,,,,,,,,,,,,,,,,,4,100,3.157922700390321916203203475,3.238374542745033050818837100,True
FUTURES_LONG_SHORT_TARGET_R_2_5_1X,VALIDATION,HIGH_COST,1,1,8,0,8,3.598672968056417789082263100,3.891423416089223814285714288,3.381751633543606198955147157,50.0,1.807254727470408166188023579,44.9834121007052223635282889,33.62335965349427165857142857,0.360573116500497954717700,4.708887966714167092944011,4.348314850213669138226311,0,0,0,11.89814814814814814814814815,2.728358810073049160361457691,0.02709694058510294402202738719,18000.54077648445557683807279,30.02375804551139182059757150,False,False,LIQUIDATION_MODEL_APPROXIMATE;MAINTENANCE_MARGIN_APPROXIMATE,2024-01-02T00:00:00+00:00,2024-12-31T23:59:59.999000+00:00,2025-01-01T00:00:00+00:00,2025-03-31T23:59:59.999000+00:00,c481a30cfd29774c5ac3c88865d80f80a9d0df7789efd24cc898cf4b4a7dd872,,,,,
FUTURES_LONG_SHORT_TARGET_R_2_5_1X,VALIDATION,HIGH_COST,2,1,9,5,4,3.588170679236328745749805300,4.064747545514781042857142832,3.156296653707794661271231897,44.44444444444444444444444444,1.693395510162920366260130125,39.86856310262587495277561374,43.01117118578008142142857144,4.862116041416854641215570,0.215600599351706351910382,-4.646515442065148289305188,0,0,6.990740740740740740740740741,3.657407407407407407407407407,2.514805435141860710888393661,0.02532109293535878323884636055,17604.88365022014254970483129,27.05078963932236456245947066,False,False,LIQUIDATION_MODEL_APPROXIMATE;MAINTENANCE_MARGIN_APPROXIMATE,2024-04-01T00:00:00+00:00,2025-03-31T23:59:59.999000+00:00,2025-04-01T00:00:00+00:00,2025-06-29T23:59:59.999000+00:00,0ee8c2a5fc594ceb05315602958b73e3205db92dfdd4766ea8b2c34ce13051d2,,,,,
FUTURES_LONG_SHORT_TARGET_R_2_5_1X,VALIDATION,HIGH_COST,3,1,5,5,0,2.179508487496458468080469200,2.511829331163688242857142862,1.576656788125263544009770611,60.0,2.326297105196868018390238412,43.59016974992916936160938156,25.69283214934531098428571429,7.539252217377666493381664,0,-7.539252217377666493381664,0,0,12.40740740740740740740740741,0,3.100030830124641576150376800,0.03111750255692370608874960199,2.00E+4,36.39280340533459911970651415,False,False,LIQUIDATION_MODEL_APPROXIMATE;MAINTENANCE_MARGIN_APPROXIMATE,2024-06-30T00:00:00+00:00,2025-06-29T23:59:59.999000+00:00,2025-06-30T00:00:00+00:00,2025-09-27T23:59:59.999000+00:00,fe37378d111ea376ca5028a72626f352a4050859db839351a331073f39b98ed7,,,,,
FUTURES_LONG_SHORT_TARGET_R_2_5_1X,VALIDATION,HIGH_COST,4,1,8,1,7,1.547603211452843027721532700,1.889253273153349285714285708,2.804308485249472793730831683,37.500,1.319083351428421515769220442,19.34504014316053784651915681,37.98927114457489175142857143,0.935600125278027732884910,4.759865099802293685038165,3.824264974524265952153255,0,0,0.7870370370370370370370370370,12.17592592592592592592592593,3.002346053090572707205393904,0.02968581351599369548705166142,18483.92221950063573256650081,37.21096891698179757568822323,False,False,LIQUIDATION_MODEL_APPROXIMATE;MAINTENANCE_MARGIN_APPROXIMATE,2024-09-28T00:00:00+00:00,2025-09-27T23:59:59.999000+00:00,2025-09-28T00:00:00+00:00,2025-12-26T23:59:59.999000+00:00,f39c7a3fdeffb86306cf1254477317805b9d38d3a5674f86a63ce31d48798347,,,,,
FUTURES_LONG_SHORT_TARGET_R_2_5_1X,VALIDATION,HIGH_COST,CONSOLIDATED,,30,,,,,,,,,140.3166341331945558157142857,,,-4.013187834704879692307286,,,,,,,,,,,,,,,,,4,100,2.728488836560512007658517575,2.883839583366393606915137250,True
FUTURES_LONG_SHORT_TARGET_R_2_5_1X,VALIDATION,STRESS_COST,1,1,8,0,8,2.829076478507068947523556700,3.446096732660160428571428574,3.507229042629358591710473594,50.0,1.606036235888457045125844271,35.36345598133836184404445901,66.03329654144694135428571428,0.352234461982867745394352,4.683505588120660994892881,4.331271126137793249498529,0,0,0,11.89814814814814814814814815,2.705402338447870861578946216,0.02690495321400908326905897468,17947.26543391778399882127597,29.66811126254268013085956134,False,False,LIQUIDATION_MODEL_APPROXIMATE;MAINTENANCE_MARGIN_APPROXIMATE,2024-01-02T00:00:00+00:00,2024-12-31T23:59:59.999000+00:00,2025-01-01T00:00:00+00:00,2025-03-31T23:59:59.999000+00:00,c481a30cfd29774c5ac3c88865d80f80a9d0df7789efd24cc898cf4b4a7dd872,,,,,
FUTURES_LONG_SHORT_TARGET_R_2_5_1X,VALIDATION,STRESS_COST,2,1,9,5,4,2.426533710100620716878270700,3.315055972516352828571428547,3.493606101648420652191810966,44.44444444444444444444444444,1.430321496424985389451250020,26.96148566778467463198078538,84.29775260073319839428571429,4.762533161944649765450627,0.208059521104636990420555,-4.554473640840012775030072,0,0,6.990740740740740740740740741,3.657407407407407407407407407,2.473529995925180383523246524,0.02489109173144676462181371853,17552.16300420541372978736007,26.89468080411270401279019297,False,False,LIQUIDATION_MODEL_APPROXIMATE;MAINTENANCE_MARGIN_APPROXIMATE,2024-04-01T00:00:00+00:00,2025-03-31T23:59:59.999000+00:00,2025-04-01T00:00:00+00:00,2025-06-29T23:59:59.999000+00:00,0ee8c2a5fc594ceb05315602958b73e3205db92dfdd4766ea8b2c34ce13051d2,,,,,
FUTURES_LONG_SHORT_TARGET_R_2_5_1X,VALIDATION,STRESS_COST,3,1,5,5,0,1.562354267974929848717140900,2.149384168500409800000000004,1.691873299038431951321289332,60.0,1.832315378292844981773563116,31.24708535949859697434281526,51.18816129524731908000000001,7.514828757300676048285924,0,-7.514828757300676048285924,0,0,12.40740740740740740740740741,0,3.101891443334924527039221534,0.03109271100533560982829406829,2.00E+4,36.71438150363531252340586085,False,False,LIQUIDATION_MODEL_APPROXIMATE;MAINTENANCE_MARGIN_APPROXIMATE,2024-06-30T00:00:00+00:00,2025-06-29T23:59:59.999000+00:00,2025-06-30T00:00:00+00:00,2025-09-27T23:59:59.999000+00:00,fe37378d111ea376ca5028a72626f352a4050859db839351a331073f39b98ed7,,,,,
FUTURES_LONG_SHORT_TARGET_R_2_5_1X,VALIDATION,STRESS_COST,4,1,8,1,7,0.683356861261494123297857900,1.392996684579077399999999995,3.053362298226776699116237439,37.500,1.129194310041911532567144269,8.541960765768676541223225968,74.64489261615329254285714286,0.920209875483546508585306,4.601120159878511381228257,3.680910284394964872642951,0,0,0.7870370370370370370370370370,12.17592592592592592592592593,2.917963137298776459118476993,0.02888656946980772207898610052,18429.96919415785494944453696,36.57867112891117193298248143,False,False,LIQUIDATION_MODEL_APPROXIMATE;MAINTENANCE_MARGIN_APPROXIMATE,2024-09-28T00:00:00+00:00,2025-09-27T23:59:59.999000+00:00,2025-09-28T00:00:00+00:00,2025-12-26T23:59:59.999000+00:00,f39c7a3fdeffb86306cf1254477317805b9d38d3a5674f86a63ce31d48798347,,,,,
FUTURES_LONG_SHORT_TARGET_R_2_5_1X,VALIDATION,STRESS_COST,CONSOLIDATED,,30,,,,,,,,,276.1641030535807513714285715,,,-4.057120987607930701174516,,,,,,,,,,,,,,,,,4,100,1.875330329461028409104206550,1.994443989037775282797705800,True
