configuration,metric,bucket,post_event_diagnostic_only,trades,long_trades,short_trades,net_pnl,mean_trade_pnl,win_rate_percent
FUTURES_LONG_BASELINE_1X,directional_persistence,MIXED,True,22,22,0,-638.9990268156814001956593114,-29.04541030980370000889360506,22.72727272727272727272727273
FUTURES_LONG_BASELINE_1X,directional_persistence,UP,True,11,11,0,695.4175927409936899010238814,63.2197811582721536273658074,63.63636363636363636363636364
FUTURES_LONG_BASELINE_1X,long_ema_distance_percent,FAR_ABOVE,True,33,33,0,56.41856592531228970536456990,1.709653512888251203192865755,36.36363636363636363636363636
FUTURES_LONG_BASELINE_1X,long_ema_slope_percent,POSITIVE,True,33,33,0,56.41856592531228970536456990,1.709653512888251203192865755,36.36363636363636363636363636
FUTURES_LONG_BASELINE_1X,return_24h,POSITIVE,True,33,33,0,56.41856592531228970536456990,1.709653512888251203192865755,36.36363636363636363636363636
FUTURES_LONG_BASELINE_1X,return_30d,NEGATIVE,True,7,7,0,-587.6352536956813181641782690,-83.94789338509733116631118129,0
FUTURES_LONG_BASELINE_1X,return_30d,POSITIVE,True,26,26,0,644.0538196209936078695428390,24.77130075465360030267472458,46.15384615384615384615384615
FUTURES_LONG_BASELINE_1X,return_7d,NEGATIVE,True,2,2,0,80.1944203670231748546446370,40.0972101835115874273223185,50.0
FUTURES_LONG_BASELINE_1X,return_7d,POSITIVE,True,31,31,0,-23.77585444171088514928006698,-0.7669630465068027467509699026,35.48387096774193548387096774
FUTURES_SHORT_MIRRORED_1X,directional_persistence,DOWN,True,21,0,21,216.9944947543640332690357982,10.33307117877923967947789515,38.09523809523809523809523810
FUTURES_SHORT_MIRRORED_1X,directional_persistence,MIXED,True,60,0,60,-470.0858471685863589423944395,-7.834764119476439315706573992,33.33333333333333333333333333
FUTURES_SHORT_MIRRORED_1X,long_ema_distance_percent,BELOW,True,1,0,1,-109.3815193304725294330718656,-109.3815193304725294330718656,0
FUTURES_SHORT_MIRRORED_1X,long_ema_distance_percent,FAR_BELOW,True,80,0,80,-143.7098330837497962402867758,-1.796372913546872453003584698,35.00
FUTURES_SHORT_MIRRORED_1X,long_ema_slope_percent,NEGATIVE,True,81,0,81,-253.0913524142223256733586414,-3.124584597706448465103193104,34.56790123456790123456790123
FUTURES_SHORT_MIRRORED_1X,return_24h,NEGATIVE,True,80,0,80,-156.4909253071509969662157845,-1.956136566339387462077697306,35.00
FUTURES_SHORT_MIRRORED_1X,return_24h,POSITIVE,True,1,0,1,-96.60042710707132870714285686,-96.60042710707132870714285686,0
FUTURES_SHORT_MIRRORED_1X,return_30d,NEGATIVE,True,63,0,63,-114.1818372558346715841209290,-1.812410115171978914033665540,34.92063492063492063492063492
FUTURES_SHORT_MIRRORED_1X,return_30d,POSITIVE,True,12,0,12,-682.1161484599875758717391106,-56.84301237166563132264492588,16.66666666666666666666666667
FUTURES_SHORT_MIRRORED_1X,return_30d,UNKNOWN,True,6,0,6,543.2066333015999217825013982,90.53443888359998696375023303,66.66666666666666666666666667
FUTURES_SHORT_MIRRORED_1X,return_7d,NEGATIVE,True,76,0,76,-814.5320516657990553699795926,-10.71752699560261914960499464,31.57894736842105263157894737
FUTURES_SHORT_MIRRORED_1X,return_7d,POSITIVE,True,3,0,3,202.0862858852067298269530276,67.36209529506890994231767587,66.66666666666666666666666667
FUTURES_SHORT_MIRRORED_1X,return_7d,UNKNOWN,True,2,0,2,359.3544133663699998696679250,179.6772066831849999348339625,100
FUTURES_LONG_SHORT_BASELINE_1X,directional_persistence,DOWN,True,21,0,21,214.3328291026941395908046100,10.20632519536638759956212429,38.09523809523809523809523810
FUTURES_LONG_SHORT_BASELINE_1X,directional_persistence,MIXED,True,82,22,60,-1075.997710549937661422900002,-13.12192329938948367588902441,30.48780487804878048780487805
FUTURES_LONG_SHORT_BASELINE_1X,directional_persistence,UP,True,11,11,0,663.5641914317036089678256940,60.32401740288214626980233582,63.63636363636363636363636364
FUTURES_LONG_SHORT_BASELINE_1X,long_ema_distance_percent,BELOW,True,1,0,1,-109.3815193304725294330718656,-109.3815193304725294330718656,0
FUTURES_LONG_SHORT_BASELINE_1X,long_ema_distance_percent,FAR_ABOVE,True,33,33,0,20.97675437574559115161872560,0.6356592235074421561096583515,36.36363636363636363636363636
FUTURES_LONG_SHORT_BASELINE_1X,long_ema_distance_percent,FAR_BELOW,True,80,0,80,-109.6959250608129745828165604,-1.371199063260162182285207005,35.00
FUTURES_LONG_SHORT_BASELINE_1X,long_ema_slope_percent,NEGATIVE,True,81,0,81,-219.0774443912855040158884262,-2.704659807299821037233190447,34.56790123456790123456790123
FUTURES_LONG_SHORT_BASELINE_1X,long_ema_slope_percent,POSITIVE,True,33,33,0,20.97675437574559115161872560,0.6356592235074421561096583515,36.36363636363636363636363636
FUTURES_LONG_SHORT_BASELINE_1X,return_24h,NEGATIVE,True,80,0,80,-125.6447555539341815708884264,-1.57055944442417726963610533,35.00
FUTURES_LONG_SHORT_BASELINE_1X,return_24h,POSITIVE,True,34,33,1,-72.45593446160573129338127415,-2.131056895929580332158272769,35.29411764705882352941176471
FUTURES_LONG_SHORT_BASELINE_1X,return_30d,NEGATIVE,True,70,7,63,-701.1356613604352834464798428,-10.01622373372050404923542633,31.42857142857142857142857143
FUTURES_LONG_SHORT_BASELINE_1X,return_30d,POSITIVE,True,38,26,12,-40.17166195670455120029125590,-1.057148998860646084218190945,36.84210526315789473684210526
FUTURES_LONG_SHORT_BASELINE_1X,return_30d,UNKNOWN,True,6,0,6,543.2066333015999217825013982,90.53443888359998696375023303,66.66666666666666666666666667
FUTURES_LONG_SHORT_BASELINE_1X,return_7d,NEGATIVE,True,78,2,76,-688.0099359318810475118012152,-8.820640204254885224510271990,32.05128205128205128205128205
FUTURES_LONG_SHORT_BASELINE_1X,return_7d,POSITIVE,True,34,31,3,130.5548325499711347778635896,3.839848016175621611113634988,38.23529411764705882352941176
FUTURES_LONG_SHORT_BASELINE_1X,return_7d,UNKNOWN,True,2,0,2,359.3544133663699998696679250,179.6772066831849999348339625,100
FUTURES_LONG_SHORT_TIME_EXIT_12_1X,directional_persistence,DOWN,True,27,0,27,-188.8576085379231818688570973,-6.994726242145303032179892493,37.03703703703703703703703704
FUTURES_LONG_SHORT_TIME_EXIT_12_1X,directional_persistence,MIXED,True,103,40,63,-118.8544649709934539341566322,-1.153926844378577222661714876,40.77669902912621359223300971
FUTURES_LONG_SHORT_TIME_EXIT_12_1X,directional_persistence,UP,True,14,14,0,203.5397865234953977807319250,14.53855618024967127005228036,50.0
FUTURES_LONG_SHORT_TIME_EXIT_12_1X,long_ema_distance_percent,FAR_ABOVE,True,54,54,0,-47.14476425436853835242589285,-0.8730511898957136731930720898,44.44444444444444444444444444
FUTURES_LONG_SHORT_TIME_EXIT_12_1X,long_ema_distance_percent,FAR_BELOW,True,90,0,90,-57.02752273105269966985591170,-0.6336391414561411074428434633,38.88888888888888888888888889
FUTURES_LONG_SHORT_TIME_EXIT_12_1X,long_ema_slope_percent,NEGATIVE,True,90,0,90,-57.02752273105269966985591170,-0.6336391414561411074428434633,38.88888888888888888888888889
FUTURES_LONG_SHORT_TIME_EXIT_12_1X,long_ema_slope_percent,POSITIVE,True,54,54,0,-47.14476425436853835242589285,-0.8730511898957136731930720898,44.44444444444444444444444444
FUTURES_LONG_SHORT_TIME_EXIT_12_1X,return_24h,NEGATIVE,True,90,1,89,140.0430160596878474751440877,1.556033511774309416390489863,40.0
FUTURES_LONG_SHORT_TIME_EXIT_12_1X,return_24h,POSITIVE,True,54,53,1,-244.2153030451090854974258923,-4.522505611946464546248627635,42.59259259259259259259259259
FUTURES_LONG_SHORT_TIME_EXIT_12_1X,return_30d,NEGATIVE,True,76,9,67,-47.16872737999274689080836150,-0.6206411497367466696158994934,36.84210526315789473684210526
FUTURES_LONG_SHORT_TIME_EXIT_12_1X,return_30d,POSITIVE,True,59,45,14,-137.9358667227299259814066334,-2.337896046147964847142485312,45.76271186440677966101694915
FUTURES_LONG_SHORT_TIME_EXIT_12_1X,return_30d,UNKNOWN,True,9,0,9,80.9323071173014348499331903,8.992478568589048316659243367,44.44444444444444444444444444
FUTURES_LONG_SHORT_TIME_EXIT_12_1X,return_7d,NEGATIVE,True,88,4,84,-133.6646956319329763682902853,-1.518916995817420186003298697,37.500
FUTURES_LONG_SHORT_TIME_EXIT_12_1X,return_7d,POSITIVE,True,53,50,3,-32.39793683285227198308374565,-0.6112818270349485279827121821,47.16981132075471698113207547
FUTURES_LONG_SHORT_TIME_EXIT_12_1X,return_7d,UNKNOWN,True,3,0,3,61.8903454793640103290922264,20.63011515978800344303074213,33.33333333333333333333333333
FUTURES_LONG_SHORT_TIME_EXIT_24_1X,directional_persistence,DOWN,True,24,0,24,-139.5574611266533978302963949,-5.814894213610558242929016454,29.16666666666666666666666667
FUTURES_LONG_SHORT_TIME_EXIT_24_1X,directional_persistence,MIXED,True,86,28,58,-491.5618209640112195856980320,-5.715835127488502553322070140,34.88372093023255813953488372
FUTURES_LONG_SHORT_TIME_EXIT_24_1X,directional_persistence,UP,True,12,12,0,391.8206876752366878323747689,32.65172397293639065269789741,66.66666666666666666666666667
FUTURES_LONG_SHORT_TIME_EXIT_24_1X,long_ema_distance_percent,FAR_ABOVE,True,40,40,0,329.3269567838440167411323988,8.23317391959610041852830997,45.00
FUTURES_LONG_SHORT_TIME_EXIT_24_1X,long_ema_distance_percent,FAR_BELOW,True,82,0,82,-568.6255511992719463247520568,-6.934457941454535930789659229,32.92682926829268292682926829
FUTURES_LONG_SHORT_TIME_EXIT_24_1X,long_ema_slope_percent,NEGATIVE,True,82,0,82,-568.6255511992719463247520568,-6.934457941454535930789659229,32.92682926829268292682926829
FUTURES_LONG_SHORT_TIME_EXIT_24_1X,long_ema_slope_percent,POSITIVE,True,40,40,0,329.3269567838440167411323988,8.23317391959610041852830997,45.00
FUTURES_LONG_SHORT_TIME_EXIT_24_1X,return_24h,NEGATIVE,True,82,1,81,-372.0303835196760510754663432,-4.536955896581415257017882234,34.14634146341463414634146341
FUTURES_LONG_SHORT_TIME_EXIT_24_1X,return_24h,POSITIVE,True,40,39,1,132.7317891042481214918466851,3.318294727606203037296167128,42.500
FUTURES_LONG_SHORT_TIME_EXIT_24_1X,return_30d,NEGATIVE,True,71,8,63,-831.6146837419564537651447986,-11.71288286960502047556541970,29.57746478873239436619718310
FUTURES_LONG_SHORT_TIME_EXIT_24_1X,return_30d,POSITIVE,True,44,32,12,386.6198009630071266279120491,8.786813658250161968816182934,47.72727272727272727272727273
FUTURES_LONG_SHORT_TIME_EXIT_24_1X,return_30d,UNKNOWN,True,7,0,7,205.6962883635213975536130925,29.3851840519316282219447275,42.85714285714285714285714286
FUTURES_LONG_SHORT_TIME_EXIT_24_1X,return_7d,NEGATIVE,True,80,3,77,-703.6958671063478074160291002,-8.796198338829347592700363752,33.7500
FUTURES_LONG_SHORT_TIME_EXIT_24_1X,return_7d,POSITIVE,True,40,37,3,289.6162970938916138269278564,7.24040742734729034567319641,42.500
FUTURES_LONG_SHORT_TIME_EXIT_24_1X,return_7d,UNKNOWN,True,2,0,2,174.7809755970282640054815866,87.3904877985141320027407933,50.0
FUTURES_LONG_SHORT_TARGET_R_2_5_1X,directional_persistence,DOWN,True,19,0,19,-202.2793522502161757095194134,-10.64628169737979872155365334,26.31578947368421052631578947
FUTURES_LONG_SHORT_TARGET_R_2_5_1X,directional_persistence,MIXED,True,73,20,53,-730.9213670048842116433948804,-10.01262146582033166634787507,27.39726027397260273972602740
FUTURES_LONG_SHORT_TARGET_R_2_5_1X,directional_persistence,UP,True,12,12,0,1168.567906744645053814258586,97.38065889538708781785488217,66.66666666666666666666666667
FUTURES_LONG_SHORT_TARGET_R_2_5_1X,long_ema_distance_percent,FAR_ABOVE,True,32,32,0,584.1877418102306062724830141,18.25586693156970644601509419,37.500
FUTURES_LONG_SHORT_TARGET_R_2_5_1X,long_ema_distance_percent,FAR_BELOW,True,72,0,72,-348.8205543206859398111387218,-4.844729921120638052932482247,29.16666666666666666666666667
FUTURES_LONG_SHORT_TARGET_R_2_5_1X,long_ema_slope_percent,NEGATIVE,True,72,0,72,-348.8205543206859398111387218,-4.844729921120638052932482247,29.16666666666666666666666667
FUTURES_LONG_SHORT_TARGET_R_2_5_1X,long_ema_slope_percent,POSITIVE,True,32,32,0,584.1877418102306062724830141,18.25586693156970644601509419,37.500
FUTURES_LONG_SHORT_TARGET_R_2_5_1X,return_24h,NEGATIVE,True,71,0,71,-256.3346289744137574054244364,-3.610346886963574047963724456,29.57746478873239436619718310
FUTURES_LONG_SHORT_TARGET_R_2_5_1X,return_24h,POSITIVE,True,33,32,1,491.7018164639584238667687285,14.90005504436237648081117359,36.36363636363636363636363636
FUTURES_LONG_SHORT_TARGET_R_2_5_1X,return_30d,NEGATIVE,True,63,7,56,-651.0069124834320554187362693,-10.33344305529257230823390904,26.98412698412698412698412698
FUTURES_LONG_SHORT_TARGET_R_2_5_1X,return_30d,POSITIVE,True,37,25,12,613.2774025473910137861649321,16.57506493371327064286932249,37.83783783783783783783783784
FUTURES_LONG_SHORT_TARGET_R_2_5_1X,return_30d,UNKNOWN,True,4,0,4,273.0966974255857080939156288,68.2741743563964270234789072,50.0
FUTURES_LONG_SHORT_TARGET_R_2_5_1X,return_7d,NEGATIVE,True,69,2,67,-611.8493439204766058798202087,-8.867381795948936317098843604,27.53623188405797101449275362
FUTURES_LONG_SHORT_TARGET_R_2_5_1X,return_7d,POSITIVE,True,33,30,3,711.5725453741980322310548021,21.56280440527872824942590309,39.39393939393939393939393939
FUTURES_LONG_SHORT_TARGET_R_2_5_1X,return_7d,UNKNOWN,True,2,0,2,135.6439860358232401101096981,67.82199301791162005505484905,50.0
