configuration,dimension,period,side,trades,gross_pnl,fees,funding,net_pnl
FUTURES_LONG_BASELINE_1X,QUARTER,2022-Q1,LONG,2,-133.2008023137168528571428577,4.918727317097308813571428571,-1.850318864098816217840000,-139.9698484949129778885542863
FUTURES_LONG_BASELINE_1X,QUARTER,2022-Q2,LONG,3,-269.5097576015698642857142851,6.442101913390004327857142858,-0.463759177487012539871287,-276.4156186924468811534427150
FUTURES_LONG_BASELINE_1X,QUARTER,2022-Q3,LONG,7,206.9306125818916928571428601,16.00672643856848817642857142,-4.203957343766228469776775,186.7199287995569762109375137
FUTURES_LONG_BASELINE_1X,QUARTER,2022-Q4,LONG,1,-81.985275004111080,2.40159097730235642,-0.647042789864631329750000,-85.033908771278067749750000
FUTURES_LONG_BASELINE_1X,QUARTER,2023-Q1,LONG,3,-12.86117669483768714285714300,7.252399870161249776428571428,-0.980595516512288172290000,-21.09417208151122509157571444
FUTURES_LONG_BASELINE_1X,QUARTER,2023-Q4,LONG,1,-67.34466910625483428571428609,2.382379256542986232857142857,0,-69.72704836279782051857142895
FUTURES_LONG_BASELINE_1X,QUARTER,2024-Q1,LONG,1,-97.41154444062494571428571441,2.142598597262476067142857143,-1.106652840726405000000000,-100.6607958786138267814285716
FUTURES_LONG_BASELINE_1X,QUARTER,2024-Q2,LONG,1,183.1055414506106285714285712,2.464726215998937764285714286,-2.381051065029179549888055,178.2597641695825112572548019
FUTURES_LONG_BASELINE_1X,QUARTER,2024-Q4,LONG,2,72.39057492466301857142857152,4.903348063222068819285714286,-2.260061302890649349001314,65.22716555855030040314154323
FUTURES_LONG_BASELINE_1X,QUARTER,2025-Q2,LONG,6,250.5901956373419700000000004,14.72501313767002775500000000,-3.861955053764655206936932,232.0032274459072870380630684
FUTURES_LONG_BASELINE_1X,QUARTER,2025-Q3,LONG,5,183.7088597631771985714285717,12.73032824764241461928571428,-7.240610275227455858566784,163.7379212403073280935760734
FUTURES_LONG_BASELINE_1X,QUARTER,2025-Q4,LONG,1,-73.63527485935021714285714297,2.496444001534497651428571428,-0.496330146146599320000000,-76.62804900703131411428571440
FUTURES_LONG_BASELINE_1X,REGIME,RANGING,LONG,1,-62.20046077717836857142857184,2.390224901108978245714285714,0,-64.59068567828734681714285755
FUTURES_LONG_BASELINE_1X,REGIME,TRENDING_UP,LONG,32,222.9777451143973957142857174,76.47615913528383817785714286,-25.492334375513921013921147,121.0092516035996365225074275
FUTURES_LONG_BASELINE_1X,VOLATILITY,EXTREME,LONG,29,240.9857600937643485714285740,68.88036498612374243428571429,-21.130242213529987921043223,150.9751528941106182160996367
FUTURES_LONG_BASELINE_1X,VOLATILITY,HIGH,LONG,4,-80.20847575654532142857142838,9.986019050269073989285714286,-4.362092161983933092877924,-94.55658696879832851073506666
FUTURES_LONG_BASELINE_1X,YEAR,2022,LONG,13,-277.7652223375061042857142827,29.76914664635815773785714285,-7.165078175216688557238062,-314.6994471590809505808094876
FUTURES_LONG_BASELINE_1X,YEAR,2023,LONG,4,-80.20584580109252142857142909,9.634779126704236009285714285,-0.980595516512288172290000,-90.82122044430904561014714339
FUTURES_LONG_BASELINE_1X,YEAR,2024,LONG,4,158.0845719346487014285714283,9.510672876483482650714285715,-5.747765208646233898889369,142.8261338495189848789677735
FUTURES_LONG_BASELINE_1X,YEAR,2025,LONG,12,360.6637805411689514285714291,29.95178538684694002571428571,-11.598895475138710385503716,319.1130996791833010173534274
FUTURES_SHORT_MIRRORED_1X,QUARTER,2022-Q1,SHORT,10,446.0388676014184428571428572,22.37239802143851310857142858,2.185850509094999268983084,425.8523200890749290175545125
FUTURES_SHORT_MIRRORED_1X,QUARTER,2022-Q2,SHORT,17,232.8055720681373128571428560,35.62416891631554904357142858,-2.516335101499525888768550,194.6650680503222379248028772
FUTURES_SHORT_MIRRORED_1X,QUARTER,2022-Q3,SHORT,7,-140.7333895443756871428571401,18.24736279245034825357142857,-1.605830692503182353617953,-160.5865830293292177500465217
FUTURES_SHORT_MIRRORED_1X,QUARTER,2022-Q4,SHORT,5,-172.3932005382316042857142869,10.70512532645426642214285714,-1.554692060336903763528794,-184.6530179250227744713859380
FUTURES_SHORT_MIRRORED_1X,QUARTER,2023-Q1,SHORT,1,-89.44595216602631142857142935,2.613542410032003955714285714,0.059409718913294261416008,-92.00008485714502112286970706
FUTURES_SHORT_MIRRORED_1X,QUARTER,2023-Q3,SHORT,1,-50.93853706193492571428571494,2.571288685865091342857142858,-0.532158291949552240000000,-54.04198403974956929714285780
FUTURES_SHORT_MIRRORED_1X,QUARTER,2024-Q1,SHORT,3,-258.7856684860786771428571437,7.478664324720908578571428572,3.116560082703429522600000,-263.1477727280961561988285723
FUTURES_SHORT_MIRRORED_1X,QUARTER,2024-Q2,SHORT,6,-282.0189526577561999999999999,13.55664273360660207000000000,1.194023012015959361200636,-294.3815723793468427087993639
FUTURES_SHORT_MIRRORED_1X,QUARTER,2024-Q3,SHORT,6,-36.45831325867394714285714185,12.65992321835839792357142857,0.789319964710775265775894,-48.32891651232156980065267650
FUTURES_SHORT_MIRRORED_1X,QUARTER,2024-Q4,SHORT,4,-102.8664864109770528571428566,9.156289079861116466428571428,0.987615317078032643480128,-111.0351601737601366800913001
FUTURES_SHORT_MIRRORED_1X,QUARTER,2025-Q1,SHORT,10,323.9777538533638842857142847,20.93935709574189179785714286,3.495637549660560391466676,306.5340343072825528793238178
FUTURES_SHORT_MIRRORED_1X,QUARTER,2025-Q2,SHORT,4,-100.0937531519561971428571439,8.541406342406282128571428572,-0.252155313902870448418360,-108.8873148082653497198469325
FUTURES_SHORT_MIRRORED_1X,QUARTER,2025-Q4,SHORT,7,149.1568547236314300000000000,15.93278681748345028500000000,3.695563685986612539624021,136.9196315921345922546240209
FUTURES_SHORT_MIRRORED_1X,REGIME,HIGH_VOLATILITY,SHORT,1,193.9018516715909371428571426,1.107811662884908531428571428,0,192.7940400087060286114285712
FUTURES_SHORT_MIRRORED_1X,REGIME,RANGING,SHORT,7,-77.20157251049439142857142845,16.02777221299840039571428572,0.265154597953640006061972,-92.96419012553915181822374224
FUTURES_SHORT_MIRRORED_1X,REGIME,TRENDING_DOWN,SHORT,73,-198.4554841905560785714285734,163.2633718888511124492857145,8.797653782017988554150818,-352.9212022973892024665634704
FUTURES_SHORT_MIRRORED_1X,VOLATILITY,EXTREME,SHORT,76,209.1229274190084742857142842,167.9733497847272709528571431,6.551228237018870630972662,47.7008058713000739638298027
FUTURES_SHORT_MIRRORED_1X,VOLATILITY,HIGH,SHORT,5,-290.8781324484680071428571435,12.42560598000715042357142857,2.511580142952757929240128,-300.7921582855223996371884441
FUTURES_SHORT_MIRRORED_1X,YEAR,2022,SHORT,39,365.7178495869484642857142862,86.94905505665867682785714288,-3.491007345244612736932213,275.2777871850451747209249300
FUTURES_SHORT_MIRRORED_1X,YEAR,2023,SHORT,2,-140.3844892279612371428571443,5.184831095897095298571428572,-0.472748573036257978583992,-146.0420688968945904200125649
FUTURES_SHORT_MIRRORED_1X,YEAR,2024,SHORT,19,-680.1294208134858771428571420,42.85151935654702503857142858,6.087518376508196793056658,-716.8934217935247053883719127
FUTURES_SHORT_MIRRORED_1X,YEAR,2025,SHORT,21,373.0408554250391171428571408,45.41355025563162421142857143,6.939045921744302482672337,334.5663510911517954141009062
FUTURES_LONG_SHORT_BASELINE_1X,QUARTER,2022-Q1,LONG,2,-138.4155978665073100000000006,5.122199885180467984999999999,-1.918478192828855328490000,-145.4562759445166333134900006
FUTURES_LONG_SHORT_BASELINE_1X,QUARTER,2022-Q1,SHORT,10,445.4955642846030328571428571,22.29297554287995073357142857,2.175509646719163653409308,425.3780983884422457769807365
FUTURES_LONG_SHORT_BASELINE_1X,QUARTER,2022-Q2,LONG,3,-281.4987983545967585714285708,6.704582558327302110714285715,-0.472845651781813630870219,-288.6762265647058743130130756
FUTURES_LONG_SHORT_BASELINE_1X,QUARTER,2022-Q2,SHORT,17,224.3349342775890228571428561,34.84023063234752581857142858,-2.445822119534697425826401,187.0488815257067996127450264
FUTURES_LONG_SHORT_BASELINE_1X,QUARTER,2022-Q3,LONG,7,219.6257651499373928571428600,16.85138582820410841642857142,-4.401694735880233868597869,198.3726845858530505721164196
FUTURES_LONG_SHORT_BASELINE_1X,QUARTER,2022-Q3,SHORT,7,-137.6426506665553799999999975,17.80025189922033456000000000,-1.522020317549043527852280,-156.9649228833247580878522775
FUTURES_LONG_SHORT_BASELINE_1X,QUARTER,2022-Q4,LONG,1,-85.756030060867200,2.5120475357693328,-0.676802278647187740000000,-88.944879875283720540000000
FUTURES_LONG_SHORT_BASELINE_1X,QUARTER,2022-Q4,SHORT,5,-166.9679956163974300000000011,10.36823562960160284500000000,-1.505765998026051280868424,-178.8419972440250841258684251
FUTURES_LONG_SHORT_BASELINE_1X,QUARTER,2023-Q1,LONG,3,-13.66913821135602857142857166,7.407310269891621775714285714,-0.998567645068360371900000,-22.07501612631601071904285737
FUTURES_LONG_SHORT_BASELINE_1X,QUARTER,2023-Q1,SHORT,1,-86.05335548764368857142857218,2.514413326106231044285714286,0.057156366915042046747992,-88.51061244683487756896629447
FUTURES_LONG_SHORT_BASELINE_1X,QUARTER,2023-Q3,SHORT,1,-49.22805334451981142857142921,2.484946445125072735714285714,-0.514288754542924340000000,-52.22728854418780850428571492
FUTURES_LONG_SHORT_BASELINE_1X,QUARTER,2023-Q4,LONG,1,-68.21500267421453714285714324,2.413168102432313831428571428,0,-70.62817077664685097428571467
FUTURES_LONG_SHORT_BASELINE_1X,QUARTER,2024-Q1,LONG,1,-98.67044970427740571428571441,2.170288627920312577142857143,-1.120954750158460000000000,-101.9616930823561782914285716
FUTURES_LONG_SHORT_BASELINE_1X,QUARTER,2024-Q1,SHORT,3,-245.6864178087934571428571436,7.100108201841216108571428572,2.958805584792010897120000,-249.8277204258426623543085722
FUTURES_LONG_SHORT_BASELINE_1X,QUARTER,2024-Q2,LONG,1,175.2632479292388571428571427,2.359163564631025428571428572,-2.279072166993642133403400,170.6250121976141895808823141
FUTURES_LONG_SHORT_BASELINE_1X,QUARTER,2024-Q2,SHORT,6,-267.7436754938845771428571427,12.87043060477662581857142857,1.133583779810085582783313,-279.4805223188511173786452583
FUTURES_LONG_SHORT_BASELINE_1X,QUARTER,2024-Q3,SHORT,6,-35.26276533743517285714285607,12.24477683994320269642857143,0.763436445066033623496652,-46.74410573231234193007477551
FUTURES_LONG_SHORT_BASELINE_1X,QUARTER,2024-Q4,LONG,2,68.53732250181561000000000011,4.642349561661820365000000001,-2.139761332290934941475059,61.75521160786285469352494107
FUTURES_LONG_SHORT_BASELINE_1X,QUARTER,2024-Q4,SHORT,4,-99.81476651670519714285714231,8.900054068558440018571428570,0.959571159279355629795792,-107.7552494259842815316327789
FUTURES_LONG_SHORT_BASELINE_1X,QUARTER,2025-Q1,SHORT,10,315.4670371431226542857142846,20.38929163955585557285714286,3.403809069627772068140577,298.4815545731945707809977187
FUTURES_LONG_SHORT_BASELINE_1X,QUARTER,2025-Q2,LONG,6,243.3529676799893528571428576,14.29974397923287232642857143,-3.750418957896532685664796,225.3028047428599478450494902
FUTURES_LONG_SHORT_BASELINE_1X,QUARTER,2025-Q2,SHORT,4,-99.75777176538998142857142959,8.373636520197185230714285716,-0.243453133016233943434130,-108.3748614186034006027198453
FUTURES_LONG_SHORT_BASELINE_1X,QUARTER,2025-Q3,LONG,5,176.5440130365149357142857146,12.23383145891291483785714286,-6.958218520375240207979934,157.3519630572267806684486376
FUTURES_LONG_SHORT_BASELINE_1X,QUARTER,2025-Q4,LONG,1,-71.77162982012790857142857154,2.433261165753104725714285714,-0.483768459964950760000000,-74.68865944584596405714285725
FUTURES_LONG_SHORT_BASELINE_1X,QUARTER,2025-Q4,SHORT,7,151.1413368597135828571428571,16.14476721824033647857142857,3.744731919863965519170606,138.7413015613372118977420346
FUTURES_LONG_SHORT_BASELINE_1X,REGIME,HIGH_VOLATILITY,SHORT,1,188.8081565487921371428571426,1.078710059080867931428571429,0,187.7294464897112692114285712
FUTURES_LONG_SHORT_BASELINE_1X,REGIME,RANGING,LONG,1,-63.91270109462664857142857185,2.456022475472755765714285714,0,-66.36872357009940433714285756
FUTURES_LONG_SHORT_BASELINE_1X,REGIME,RANGING,SHORT,7,-76.93402673904813000000000000,15.71407661898418660499999999,0.264605768588463318728356,-92.38349758944385328627164395
FUTURES_LONG_SHORT_BASELINE_1X,REGIME,TRENDING_DOWN,SHORT,73,-163.5927092820404100000000020,159.5313318903285251250000000,8.700647880816015183954649,-314.4233932915529199410453536
FUTURES_LONG_SHORT_BASELINE_1X,REGIME,TRENDING_UP,LONG,32,189.2393707001756485714285747,76.69331006244444141428571428,-25.200582691886211668381277,87.34547794584499548876158295
FUTURES_LONG_SHORT_BASELINE_1X,VOLATILITY,EXTREME,LONG,29,206.8010841290075985714285741,69.35651697977785155928571428,-20.964735630107306148619185,116.4798315191224408635236744
FUTURES_LONG_SHORT_BASELINE_1X,VOLATILITY,EXTREME,SHORT,76,231.1897135333993642857142840,164.2393136573905953978571429,6.580924447597024077287213,73.5313243236057929651443540
FUTURES_LONG_SHORT_BASELINE_1X,VOLATILITY,HIGH,LONG,4,-81.47441452345859857142857129,9.792815558139345620714285715,-4.235847061778905519762092,-95.50307714337684971190494902
FUTURES_LONG_SHORT_BASELINE_1X,VOLATILITY,HIGH,SHORT,5,-282.9082930056957671428571436,12.08480491100298426357142857,2.384329201807454425395792,-292.6087687148912969810327800
FUTURES_LONG_SHORT_BASELINE_1X,YEAR,2022,LONG,13,-286.0446611320338757142857114,31.19021580748121131214285714,-7.469820859138090567958088,-324.7046977986531775943866566
FUTURES_LONG_SHORT_BASELINE_1X,YEAR,2022,SHORT,39,365.2198522792392457142857146,85.30169370404941395714285715,-3.298098788390628581137797,276.6200597867992031760050602
FUTURES_LONG_SHORT_BASELINE_1X,YEAR,2023,LONG,4,-81.88414088557056571428571490,9.820478372323935607142857142,-0.998567645068360371900000,-92.70318690296286169332857204
FUTURES_LONG_SHORT_BASELINE_1X,YEAR,2023,SHORT,2,-135.2814088321635000000000014,4.999359771231303780000000000,-0.457132387627882293252008,-140.7379009910226860732520094
FUTURES_LONG_SHORT_BASELINE_1X,YEAR,2024,LONG,4,145.1301207267770614285714284,9.171801754213158370714285716,-5.539788249443037074878459,130.4185307231208659829786836
FUTURES_LONG_SHORT_BASELINE_1X,YEAR,2024,SHORT,19,-648.5076251568184042857142846,41.11536971511948464214285714,5.815396968947485733195757,-683.8075979029904031946613848
FUTURES_LONG_SHORT_BASELINE_1X,YEAR,2025,LONG,12,348.1253508963763800000000007,28.96683660389889189000000000,-11.192405938236723653644730,307.9661083542407644563552706
FUTURES_LONG_SHORT_BASELINE_1X,YEAR,2025,SHORT,21,366.8506022374462557142857121,44.90769537799337728214285716,6.905087856475503643877053,328.8479947159283820760199078
FUTURES_LONG_SHORT_TIME_EXIT_12_1X,QUARTER,2022-Q1,LONG,2,53.08166879011945,5.004026086276086205,-0.609692117093961513520000,47.467950586749402281480000
FUTURES_LONG_SHORT_TIME_EXIT_12_1X,QUARTER,2022-Q1,SHORT,13,-165.3901013186281442857142852,28.99941545558788279214285714,1.850371265018478248502561,-192.5391455091975488293545813
FUTURES_LONG_SHORT_TIME_EXIT_12_1X,QUARTER,2022-Q2,LONG,4,-116.2829976141925842857142860,8.617694164401804987857142857,-0.764678397521610314490859,-125.6653701761159995880622878
FUTURES_LONG_SHORT_TIME_EXIT_12_1X,QUARTER,2022-Q2,SHORT,18,-161.3652233830640357142857155,35.45433723668620679785714286,-2.224727142810755384926697,-199.0442877625609978970695553
FUTURES_LONG_SHORT_TIME_EXIT_12_1X,QUARTER,2022-Q3,LONG,11,-126.2944659453313685714285707,24.33348068221617790571428571,-1.864618533961792095236151,-152.4925651615093385723790074
FUTURES_LONG_SHORT_TIME_EXIT_12_1X,QUARTER,2022-Q3,SHORT,10,220.7771856972754971428571434,23.55501130531977605142857143,-1.565949237447724705711418,195.6562251545079963857171540
FUTURES_LONG_SHORT_TIME_EXIT_12_1X,QUARTER,2022-Q4,LONG,2,-45.25015164432914571428571385,4.768934527363815347142857143,-0.164543826440901728500000,-50.18362999813386278992857099
FUTURES_LONG_SHORT_TIME_EXIT_12_1X,QUARTER,2022-Q4,SHORT,5,-67.15191592218796142857142925,9.684332499756403520714285714,-1.945668192920587222306754,-78.78191661486495217159246896
FUTURES_LONG_SHORT_TIME_EXIT_12_1X,QUARTER,2023-Q1,LONG,4,9.03591617806513999999999981,9.422426076961647980000000000,-0.950914451068713840300000,-1.33742434996522182030000020
FUTURES_LONG_SHORT_TIME_EXIT_12_1X,QUARTER,2023-Q1,SHORT,1,-22.13951929634843,2.356428012362708815,-0.012059386137326592000000,-24.508006694848465407000000
FUTURES_LONG_SHORT_TIME_EXIT_12_1X,QUARTER,2023-Q3,SHORT,1,5.40124485876580,2.35194232456406938,-0.107877267068317120000000,2.941425267133413500000000
FUTURES_LONG_SHORT_TIME_EXIT_12_1X,QUARTER,2023-Q4,LONG,1,-65.65347054646390857142857180,2.322551560884042645714285714,0,-67.97602210734795121714285751
FUTURES_LONG_SHORT_TIME_EXIT_12_1X,QUARTER,2024-Q1,LONG,3,-30.67102047195176285714285689,6.808702143378611668571428572,-0.447542763446201515960000,-37.92726537877657604167428546
FUTURES_LONG_SHORT_TIME_EXIT_12_1X,QUARTER,2024-Q1,SHORT,3,-198.9559130667342071428571432,6.870350108624312943571428572,0.763209766978789629640000,-205.0630534083797304567885717
FUTURES_LONG_SHORT_TIME_EXIT_12_1X,QUARTER,2024-Q2,LONG,3,79.42534398174321,6.774600694814867895,-1.115188046779156166949144,71.535555240149185938050856
FUTURES_LONG_SHORT_TIME_EXIT_12_1X,QUARTER,2024-Q2,SHORT,6,-158.0629107836040899999999998,12.53415849337956085500000000,0.555155858625727598191632,-170.0419134183579232568083679
FUTURES_LONG_SHORT_TIME_EXIT_12_1X,QUARTER,2024-Q3,SHORT,6,87.54851679670937000000000091,11.91989270710426812500000000,0.339456407188957827938468,75.96808049679405970293846894
FUTURES_LONG_SHORT_TIME_EXIT_12_1X,QUARTER,2024-Q4,LONG,5,-72.67564966910094857142857144,11.29717390396443695571428572,-1.626623872567194773279871,-85.59944744563258030042272815
FUTURES_LONG_SHORT_TIME_EXIT_12_1X,QUARTER,2024-Q4,SHORT,4,-95.58437831648278999999999989,8.700850622974759164999999999,0.518736907174748449090000,-103.7664920322828007159099999
FUTURES_LONG_SHORT_TIME_EXIT_12_1X,QUARTER,2025-Q1,SHORT,10,476.3305811423517414285714275,19.58966724397099212928571428,0.473399821054490960588754,457.2143137194352402598744673
FUTURES_LONG_SHORT_TIME_EXIT_12_1X,QUARTER,2025-Q2,LONG,8,420.3626680633067385714285711,19.25789622873794541928571428,-2.558585886040672357974872,398.5461859485281207941679849
FUTURES_LONG_SHORT_TIME_EXIT_12_1X,QUARTER,2025-Q2,SHORT,5,135.5007202690333342857142854,10.71526496913681698285714286,-0.080302247574518610613933,124.7051530523219986922432095
FUTURES_LONG_SHORT_TIME_EXIT_12_1X,QUARTER,2025-Q3,LONG,10,15.22466423765756571428571470,24.70563015849785344285714285,-3.188973589338616457643568,-12.66993951017890418621499615
FUTURES_LONG_SHORT_TIME_EXIT_12_1X,QUARTER,2025-Q4,LONG,1,-28.12814183734086,2.46760355454303285,-0.247046510250920000000000,-30.842791902134812850000000
FUTURES_LONG_SHORT_TIME_EXIT_12_1X,QUARTER,2025-Q4,SHORT,8,78.59375488323300714285714303,18.93254237008618355642857143,0.570882506100186937465762,60.23209501924701052389433360
FUTURES_LONG_SHORT_TIME_EXIT_12_1X,REGIME,HIGH_VOLATILITY,SHORT,1,181.3095852284340457142857140,1.035868772666870977142857143,0,180.2737164557671747371428569
FUTURES_LONG_SHORT_TIME_EXIT_12_1X,REGIME,RANGING,LONG,7,-377.2753525171045228571428570,16.26153685188639334857142857,-0.990238835332229563500000,-394.5271282043231457692142856
FUTURES_LONG_SHORT_TIME_EXIT_12_1X,REGIME,RANGING,SHORT,6,129.3760619784373300000000001,13.46986623487748033500000000,0.633443307096039637280384,116.5396390506558893022803841
FUTURES_LONG_SHORT_TIME_EXIT_12_1X,REGIME,TRENDING_DOWN,SHORT,83,-175.1836056465522842857142867,177.1584583420095898021428571,-1.498814248913889621422009,-353.8408782374757637092791527
FUTURES_LONG_SHORT_TIME_EXIT_12_1X,REGIME,TRENDING_UP,LONG,47,469.4497160392860485714285720,109.5191829301539299542857143,-12.548169159177511200354465,347.3823639499546074167883928
FUTURES_LONG_SHORT_TIME_EXIT_12_1X,VOLATILITY,EXTREME,LONG,45,156.4881043514028099999999996,104.2655452116353014150000000,-10.660377832635493846707441,41.56218130713201473829255871
FUTURES_LONG_SHORT_TIME_EXIT_12_1X,VOLATILITY,EXTREME,SHORT,84,178.7976011998440499999999986,177.5622855920005934450000000,-1.265221731273683341781625,-0.0299061234302267867816263
FUTURES_LONG_SHORT_TIME_EXIT_12_1X,VOLATILITY,HIGH,LONG,9,-64.31374082922128428571428472,21.51517457040502188785714285,-2.878030161874246917147024,-88.70694556150055309071845157
FUTURES_LONG_SHORT_TIME_EXIT_12_1X,VOLATILITY,HIGH,SHORT,6,-43.29555963952495857142857113,14.10190775755334766928571429,0.399850789455833357640000,-56.99761660762247288307428542
FUTURES_LONG_SHORT_TIME_EXIT_12_1X,YEAR,2022,LONG,19,-234.7459464137336485714285706,42.72413546025788444571428571,-3.403532875018265651747010,-280.8736147490097986688898662
FUTURES_LONG_SHORT_TIME_EXIT_12_1X,YEAR,2022,SHORT,46,-173.1300549266046442857142866,97.69309649735026916214285714,-3.885973308160589064442308,-274.7091247321155025122994516
FUTURES_LONG_SHORT_TIME_EXIT_12_1X,YEAR,2023,LONG,5,-56.61755436839876857142857199,11.74497763784569062571428571,-0.950914451068713840300000,-69.31344645731317303744285771
FUTURES_LONG_SHORT_TIME_EXIT_12_1X,YEAR,2023,SHORT,2,-16.73827443758263,4.708370336926778195,-0.119936653205643712000000,-21.566581427715051907000000
FUTURES_LONG_SHORT_TIME_EXIT_12_1X,YEAR,2024,LONG,11,-23.92132615930950142857142833,24.88047674215791651928571428,-3.189354682792552456189015,-51.99115758425997040404615761
FUTURES_LONG_SHORT_TIME_EXIT_12_1X,YEAR,2024,SHORT,19,-365.0546853701117171428571420,40.02525193208290108857142857,2.176558939968223504860100,-402.9033783622263947265684705
FUTURES_LONG_SHORT_TIME_EXIT_12_1X,YEAR,2025,LONG,19,407.4591904636234442857142857,46.43112994177883171214285713,-5.994605985630208815618440,355.0334545362144037579529887
FUTURES_LONG_SHORT_TIME_EXIT_12_1X,YEAR,2025,SHORT,23,690.4250562946180828571428559,49.23747458319399266857142856,0.963980079580159287440583,642.1515617910042494760120104
FUTURES_LONG_SHORT_TIME_EXIT_24_1X,QUARTER,2022-Q1,LONG,2,-41.09944385364399,5.008738646632107885,-1.119669943022185717580000,-47.227852443298283602580000
FUTURES_LONG_SHORT_TIME_EXIT_24_1X,QUARTER,2022-Q1,SHORT,11,-76.78836148071058999999999932,26.06640825011523635500000001,1.935874148115817922069366,-100.9188955827100084329306333
FUTURES_LONG_SHORT_TIME_EXIT_24_1X,QUARTER,2022-Q2,LONG,4,-172.3852748201339314285714290,8.691317122774959904285714285,-0.864089703656566182807341,-181.9406816465654575156644843
FUTURES_LONG_SHORT_TIME_EXIT_24_1X,QUARTER,2022-Q2,SHORT,16,-0.29488812637894571428571578,32.59772862879079712285714287,-2.319224187802718315490663,-35.21184094297246115263352161
FUTURES_LONG_SHORT_TIME_EXIT_24_1X,QUARTER,2022-Q3,LONG,8,136.7676801859537014285714297,18.19975142367367617071428572,-1.790573272202720272337033,116.7773554900773049855201110
FUTURES_LONG_SHORT_TIME_EXIT_24_1X,QUARTER,2022-Q3,SHORT,7,86.49207698620650142857142943,16.90603182774290240928571428,-1.617378652130113059728944,67.96866650633348595955677112
FUTURES_LONG_SHORT_TIME_EXIT_24_1X,QUARTER,2022-Q4,LONG,2,-45.17485162445739428571428527,4.892357344643599662857142858,-0.500623233274166400750000,-50.56783220237516034932142813
FUTURES_LONG_SHORT_TIME_EXIT_24_1X,QUARTER,2022-Q4,SHORT,5,-108.6553183875731642857142865,9.971700047378545482142857144,-2.008404469925445612483223,-120.6354229048771553803403667
FUTURES_LONG_SHORT_TIME_EXIT_24_1X,QUARTER,2023-Q1,LONG,3,-13.25203941596938285714285731,7.181284268465223968571428570,-0.968097441322570881400000,-21.40142112575717770711428586
FUTURES_LONG_SHORT_TIME_EXIT_24_1X,QUARTER,2023-Q1,SHORT,1,-83.42753113083967285714285787,2.437688743812512436428571429,0.055412302670929046328876,-85.80980757198125624724255330
FUTURES_LONG_SHORT_TIME_EXIT_24_1X,QUARTER,2023-Q3,SHORT,1,-47.72591311891947428571428633,2.409121021203440657142857143,-0.498595795482238160000000,-50.63362993560515310285714347
FUTURES_LONG_SHORT_TIME_EXIT_24_1X,QUARTER,2023-Q4,LONG,1,-66.13349589058980571428571466,2.339532896417165497142857142,0,-68.47302878700697121142857180
FUTURES_LONG_SHORT_TIME_EXIT_24_1X,QUARTER,2024-Q1,LONG,1,24.23059599836480,2.16400974808994888,-0.432740570943124668400000,21.633845679331726451600000
FUTURES_LONG_SHORT_TIME_EXIT_24_1X,QUARTER,2024-Q1,SHORT,3,-216.0011408187749728571428576,6.971307745363740316428571429,1.250272943744907777180000,-221.7221756203938053963914291
FUTURES_LONG_SHORT_TIME_EXIT_24_1X,QUARTER,2024-Q2,LONG,2,236.5626203410929414285714283,4.628024590620313800714285714,-1.359200516252638588163768,230.5753952342199890396933746
FUTURES_LONG_SHORT_TIME_EXIT_24_1X,QUARTER,2024-Q2,SHORT,6,-249.4088474039623942857142858,12.67140527963107845714285714,0.953206512315096611705430,-261.1270461712783761311517130
FUTURES_LONG_SHORT_TIME_EXIT_24_1X,QUARTER,2024-Q3,SHORT,6,4.38008221779422714285714390,12.17926655501881495642857143,0.602176934757351010095364,-7.19700740246723680347606353
FUTURES_LONG_SHORT_TIME_EXIT_24_1X,QUARTER,2024-Q4,LONG,3,-15.71947111160116285714285736,6.886504743531478598571428571,-1.885933367595414416497710,-24.49190922272805587221199593
FUTURES_LONG_SHORT_TIME_EXIT_24_1X,QUARTER,2024-Q4,SHORT,4,-74.39117973440905857142857137,8.817909545817606219285714286,0.952452994172917452319024,-82.25663628605374733839526157
FUTURES_LONG_SHORT_TIME_EXIT_24_1X,QUARTER,2025-Q1,SHORT,10,217.8338757002916571428571419,20.00859901106725545142857143,0.824895752480669786750740,198.6501724417050714781793104
FUTURES_LONG_SHORT_TIME_EXIT_24_1X,QUARTER,2025-Q2,LONG,7,405.8803915592238928571428569,16.57942118096816492642857143,-3.209090616884573117069404,386.0918797613711548136448815
FUTURES_LONG_SHORT_TIME_EXIT_24_1X,QUARTER,2025-Q2,SHORT,4,23.24646934448055857142857085,8.187829795400941300714285715,-0.206946147703623445170193,14.85169340137599382554409215
FUTURES_LONG_SHORT_TIME_EXIT_24_1X,QUARTER,2025-Q3,LONG,6,60.68816466229184000000000002,14.57477020042546256000000000,-3.387449634643853616719488,42.72594482722252382328051198
FUTURES_LONG_SHORT_TIME_EXIT_24_1X,QUARTER,2025-Q4,LONG,1,-71.46996959563501714285714297,2.423034031280187051428571428,-0.481735153732371920000000,-74.37473878064757611428571440
FUTURES_LONG_SHORT_TIME_EXIT_24_1X,QUARTER,2025-Q4,SHORT,8,133.3424723441463357142857145,18.67213691595163216214285714,0.746043441457998845243598,115.4163788696527023973864553
FUTURES_LONG_SHORT_TIME_EXIT_24_1X,REGIME,HIGH_VOLATILITY,SHORT,1,184.4888517781401599999999997,1.054032748579537920000000000,0,183.4348190295606220799999997
FUTURES_LONG_SHORT_TIME_EXIT_24_1X,REGIME,RANGING,LONG,3,-229.5783482772984557142857145,7.050358418272644872142857142,-0.039189354680049120000000,-236.6678960502511497064285716
FUTURES_LONG_SHORT_TIME_EXIT_24_1X,REGIME,RANGING,SHORT,6,53.17952851067559142857142807,13.68097822886826973428571428,0.449548006203222871998208,39.94809828801054456628392183
FUTURES_LONG_SHORT_TIME_EXIT_24_1X,REGIME,TRENDING_DOWN,SHORT,75,-629.0665838974647442857142878,163.1621223898466956721428571,0.220237770468326986821167,-792.0084685168431129710359782
FUTURES_LONG_SHORT_TIME_EXIT_24_1X,REGIME,TRENDING_UP,LONG,37,668.4732547121949471428571427,86.51838777924964403357142856,-15.960014098850136661724744,565.9948528340951664475609704
FUTURES_LONG_SHORT_TIME_EXIT_24_1X,VOLATILITY,EXTREME,LONG,35,555.3895582708665842857142855,81.61936598413551965214285713,-12.846440680119296303461656,460.9237516066117683301097726
FUTURES_LONG_SHORT_TIME_EXIT_24_1X,VOLATILITY,EXTREME,SHORT,77,-162.1598584565050242857142879,165.9813841225739908521428572,-0.028719372442740655309649,-328.1699619515217557931667944
FUTURES_LONG_SHORT_TIME_EXIT_24_1X,VOLATILITY,HIGH,LONG,5,-116.4946518359700928571428574,11.94938021338676925357142857,-3.152762773410889478263088,-131.5967948227677515889773739
FUTURES_LONG_SHORT_TIME_EXIT_24_1X,VOLATILITY,HIGH,SHORT,5,-229.2383451521439685714285721,11.91574924472051247428571429,0.698505149114290514129024,-240.4555892477501905315852625
FUTURES_LONG_SHORT_TIME_EXIT_24_1X,YEAR,2022,LONG,16,-121.8918901122816142857142847,36.79216453772434362285714286,-4.274956152155638573474374,-162.9590108021615964820458014
FUTURES_LONG_SHORT_TIME_EXIT_24_1X,YEAR,2022,SHORT,39,-99.24649100845619857142857221,85.54186875402748136928571431,-4.009133161742459065633464,-188.7974929242261390063477505
FUTURES_LONG_SHORT_TIME_EXIT_24_1X,YEAR,2023,LONG,4,-79.38553530655918857142857197,9.520817164882389465714285712,-0.968097441322570881400000,-89.87444991276414891854285766
FUTURES_LONG_SHORT_TIME_EXIT_24_1X,YEAR,2023,SHORT,2,-131.1534442497591471428571442,4.846809765015953093571428572,-0.443183492811309113671124,-136.4434375075864093500996968
FUTURES_LONG_SHORT_TIME_EXIT_24_1X,YEAR,2024,LONG,6,245.0737452278565785714285709,13.67853908224174127928571428,-3.677874454791177673061478,227.7173316908236596190813787
FUTURES_LONG_SHORT_TIME_EXIT_24_1X,YEAR,2024,SHORT,19,-535.4210857393521985714285708,40.63988912583123994928571430,3.758109384990272851299818,-572.3028654801931656694144674
FUTURES_LONG_SHORT_TIME_EXIT_24_1X,YEAR,2025,LONG,14,395.0985866258807157142857139,33.57722541267381453785714286,-7.078275405260798653788892,354.4430858079461025226396791
FUTURES_LONG_SHORT_TIME_EXIT_24_1X,YEAR,2025,SHORT,22,374.4228173889185514285714273,46.86856572241982891428571428,1.363993046235045186824145,328.9182447127337677011098578
FUTURES_LONG_SHORT_TARGET_R_2_5_1X,QUARTER,2022-Q1,LONG,2,-134.8694823498139771428571435,4.990972528386443891428571428,-1.869328059641696268970000,-141.7297829378421173032557149
FUTURES_LONG_SHORT_TARGET_R_2_5_1X,QUARTER,2022-Q1,SHORT,8,-39.82354146331550857142857178,17.83309361255767573428571429,2.224894976940966001140336,-55.43174009893221830457395022
FUTURES_LONG_SHORT_TARGET_R_2_5_1X,QUARTER,2022-Q2,LONG,3,-270.4791978853427099999999994,6.438722826677566064999999999,-0.452706094131365475691623,-277.3706268061516415406916224
FUTURES_LONG_SHORT_TARGET_R_2_5_1X,QUARTER,2022-Q2,SHORT,12,324.1977358726487449999999979,25.59027288256931294750000000,-2.187964786799904181037316,296.4194982032795278714626820
FUTURES_LONG_SHORT_TARGET_R_2_5_1X,QUARTER,2022-Q3,LONG,7,352.5669045199726542857142872,16.61309411589789001714285715,-4.961027752876527415036445,330.9927826511982368535349849
FUTURES_LONG_SHORT_TARGET_R_2_5_1X,QUARTER,2022-Q3,SHORT,7,-24.56584082242696428571428477,17.40518332610538497214285714,-1.361770200550316701558633,-43.33279434908266595941577503
FUTURES_LONG_SHORT_TARGET_R_2_5_1X,QUARTER,2022-Q4,LONG,1,-84.831693066761760,2.48497097372914824,-0.669507241978577667000000,-87.986171282469485907000000
FUTURES_LONG_SHORT_TARGET_R_2_5_1X,QUARTER,2022-Q4,SHORT,4,-353.3231758818458028571428576,9.226350272821633241428571429,-2.184746958264946600126171,-364.7342731129323826986976002
FUTURES_LONG_SHORT_TARGET_R_2_5_1X,QUARTER,2023-Q1,LONG,3,15.00557420634103999999999960,7.208917098431745229999999999,-0.969684232298540832480000,6.82697287561075393751999960
FUTURES_LONG_SHORT_TARGET_R_2_5_1X,QUARTER,2023-Q1,SHORT,1,-83.50175112615637714285714359,2.439857395391876588571428572,0.055461599357394263570784,-85.88614692219085946785778816
FUTURES_LONG_SHORT_TARGET_R_2_5_1X,QUARTER,2023-Q3,SHORT,1,-47.90967024368340000000000062,2.41839676100880825000000,-0.500515518412816900000000,-50.82858252310502515000000062
FUTURES_LONG_SHORT_TARGET_R_2_5_1X,QUARTER,2023-Q4,LONG,1,-66.38812714246889142857142894,2.348540709813459454285714286,0,-68.73666785228235088285714323
FUTURES_LONG_SHORT_TARGET_R_2_5_1X,QUARTER,2024-Q1,LONG,1,-96.02794288413390857142857155,2.112165831093628165714285714,-1.090934307551340000000000,-99.23104302277887673714285726
FUTURES_LONG_SHORT_TARGET_R_2_5_1X,QUARTER,2024-Q1,SHORT,3,-239.1066556350531328571428579,6.909959216843082316428571428,2.879565404920736427720000,-243.1370494469754787458514294
FUTURES_LONG_SHORT_TARGET_R_2_5_1X,QUARTER,2024-Q2,LONG,1,214.8641369647880407142857144,2.327211447664077130357142857,-5.008502312182270005361829,207.5284232049416935785667425
FUTURES_LONG_SHORT_TARGET_R_2_5_1X,QUARTER,2024-Q2,SHORT,6,-224.2308491459303742857142861,12.53985676419187426714285715,1.105853713905695110684510,-235.6648521962165534421726334
FUTURES_LONG_SHORT_TARGET_R_2_5_1X,QUARTER,2024-Q3,SHORT,6,41.31860967027665428571428644,12.01706988383315802285714286,0.748769865273321829855442,30.05030965171681809271258555
FUTURES_LONG_SHORT_TARGET_R_2_5_1X,QUARTER,2024-Q4,LONG,2,98.52100677114264642857142834,4.618296938261214423214285714,-2.359156673220070477831515,91.54355315966136152752562761
FUTURES_LONG_SHORT_TARGET_R_2_5_1X,QUARTER,2024-Q4,SHORT,5,-159.7778771239870414285714279,10.63520923107108286071428571,1.042237029412022146170432,-169.3708493256461021431152815
FUTURES_LONG_SHORT_TARGET_R_2_5_1X,QUARTER,2025-Q1,SHORT,8,371.8064712643518257142857145,15.33298604962048972714285714,3.937939129060983615022290,360.4114243437923196021651474
FUTURES_LONG_SHORT_TARGET_R_2_5_1X,QUARTER,2025-Q2,LONG,5,472.7291609731782471428571418,12.01761873555124187357142857,-4.169502240488632553181138,456.5420399971383727161045752
FUTURES_LONG_SHORT_TARGET_R_2_5_1X,QUARTER,2025-Q2,SHORT,4,-56.55019616587233642857143009,8.382563459472937908214285715,-0.240446490499355941986000,-65.17320611584463027877171576
FUTURES_LONG_SHORT_TARGET_R_2_5_1X,QUARTER,2025-Q3,LONG,5,263.7971975155184792857142861,12.60311163256307021964285714,-7.394219863947913893035864,243.7998660190074951730355649
FUTURES_LONG_SHORT_TARGET_R_2_5_1X,QUARTER,2025-Q4,LONG,1,-74.94557523123977142857142869,2.540866888661084314285714286,-0.505162075901979400000000,-77.99160419580283514285714298
FUTURES_LONG_SHORT_TARGET_R_2_5_1X,QUARTER,2025-Q4,SHORT,7,290.1354416062399542857142852,16.69665051864417370285714286,4.418916483855530230119895,277.8577075714513108129770373
FUTURES_LONG_SHORT_TARGET_R_2_5_1X,REGIME,HIGH_VOLATILITY,SHORT,1,-94.40735318716528571428571415,1.190502438851182642857142857,-0.200005498992183368007300,-95.79786112500865172515015701
FUTURES_LONG_SHORT_TARGET_R_2_5_1X,REGIME,RANGING,LONG,1,-62.01759849504868285714285755,2.383197911682231788571428571,0,-64.40079640673091464571428612
FUTURES_LONG_SHORT_TARGET_R_2_5_1X,REGIME,RANGING,SHORT,5,207.0137781624019642857142851,12.00811235743830912785714286,0.482753009369211973434040,195.4884188143328671312911823
FUTURES_LONG_SHORT_TARGET_R_2_5_1X,REGIME,TRENDING_DOWN,SHORT,66,-313.9377241699904371428571472,144.2288345778419987685714286,9.655446737822280694148829,-448.5111120100101552172797481
FUTURES_LONG_SHORT_TARGET_R_2_5_1X,REGIME,TRENDING_UP,LONG,31,751.9595608862287721428571429,73.92129181504833723607142859,-29.449730854218913988588414,648.5885382169615209181973001
FUTURES_LONG_SHORT_TARGET_R_2_5_1X,VOLATILITY,EXTREME,LONG,28,744.9476181622933464285714282,66.43860032562236243321428573,-25.157339905705360239240858,653.3516779309656237561162844
FUTURES_LONG_SHORT_TARGET_R_2_5_1X,VOLATILITY,EXTREME,SHORT,67,79.5928993340213828571428525,145.4294903875833467785714286,7.611072744472518842162257,-58.2255183090894450792663189
FUTURES_LONG_SHORT_TARGET_R_2_5_1X,VOLATILITY,HIGH,LONG,4,-55.00565577111325714285714281,9.865889401108206591428571429,-4.292390948513553749347556,-69.16393612073501748363327028
FUTURES_LONG_SHORT_TARGET_R_2_5_1X,VOLATILITY,HIGH,SHORT,5,-280.9241985287751414285714292,11.99795898654814376071428571,2.327121503726790457413312,-290.5950360115964947318724029
FUTURES_LONG_SHORT_TARGET_R_2_5_1X,YEAR,2022,LONG,13,-137.6134687819457928571428556,30.52776044469104821357142858,-7.952569148628166826698068,-176.0937983752650078974123523
FUTURES_LONG_SHORT_TARGET_R_2_5_1X,YEAR,2022,SHORT,31,-93.51482229493953071428571638,70.05490009405400689535714287,-3.509586968674201481581784,-167.0793093576677390912246433
FUTURES_LONG_SHORT_TARGET_R_2_5_1X,YEAR,2023,LONG,4,-51.38255293612785142857142934,9.557457808245204684285714285,-0.969684232298540832480000,-61.90969497667159694533714363
FUTURES_LONG_SHORT_TARGET_R_2_5_1X,YEAR,2023,SHORT,2,-131.4114213698397771428571442,4.858254156400684838571428572,-0.445053919055422636429216,-136.7147294452958846178577888
FUTURES_LONG_SHORT_TARGET_R_2_5_1X,YEAR,2024,LONG,4,217.3572008517967785714285711,9.057674217018919719285714285,-8.458593292953680483193344,199.8409333418241783689495128
FUTURES_LONG_SHORT_TARGET_R_2_5_1X,YEAR,2024,SHORT,20,-581.7967722346938942857142856,42.10209509593919746714285716,5.776426013511775514430384,-618.1224413171213162384267585
FUTURES_LONG_SHORT_TARGET_R_2_5_1X,YEAR,2025,LONG,11,661.5807832574569549999999992,27.16159725677539640750000000,-12.068884180338525846217002,622.3503018203430327462829971
FUTURES_LONG_SHORT_TARGET_R_2_5_1X,YEAR,2025,SHORT,19,605.3917167047194435714285696,40.41220002773760133821428571,8.116409122417157903156185,573.0959257993990001363704689
