configuration,period_type,period,with_funding_net_pnl,without_funding_net_pnl,difference,pnl_explained_percent,long_effect,short_effect,warning,diagnostic_only
FUTURES_LONG_BASELINE_1X,YEAR,2022,-314.6994471590809505808094876,-307.6427131989853930414285686,-7.0567339600955575393809190,2.242372531569262656059759027,-7.165078175216688557238062,0,,True
FUTURES_LONG_BASELINE_1X,YEAR,2023,-90.82122044430904561014714339,-89.91801393353658027214285768,-0.90320651077246533800428571,0.9944884095961972065822182554,-0.980595516512288172290000,0,,True
FUTURES_LONG_BASELINE_1X,YEAR,2024,142.8261338495189848789677735,148.7346606117913478507142856,-5.9085267622723629717465121,4.136866694506736398707074256,-5.747765208646233898889369,0,,True
FUTURES_LONG_BASELINE_1X,YEAR,2025,319.1130996791833010173534274,331.1772821493847011514285720,-12.0641824702014001340751446,3.780535014805091916457190059,-11.598895475138710385503716,0,,True
FUTURES_LONG_BASELINE_1X,QUARTER,2022-Q1,-139.9698484949129778885542863,-138.1244253397173288492857149,-1.8454231551956490392685714,1.318443346934621097238681728,-1.850318864098816217840000,0,,True
FUTURES_LONG_BASELINE_1X,QUARTER,2022-Q2,-276.4156186924468811534427150,-276.0157259027239122771428566,-0.3998927897229688762998584,0.1446708372032727094846073541,-0.463759177487012539871287,0,,True
FUTURES_LONG_BASELINE_1X,QUARTER,2022-Q3,186.7199287995569762109375137,190.9401469127204546850000029,-4.2202181131634784740624892,2.260186226663498833084239194,-4.203957343766228469776775,0,,True
FUTURES_LONG_BASELINE_1X,QUARTER,2022-Q4,-85.033908771278067749750000,-84.4427088692646066,-0.591199902013461149750000,0.6952519419090269333516257250,-0.647042789864631329750000,0,,True
FUTURES_LONG_BASELINE_1X,QUARTER,2023-Q1,-21.09417208151122509157571444,-20.13311732676274235785714302,-0.96105475474848273371857142,4.556020264909259298590060419,-0.980595516512288172290000,0,,True
FUTURES_LONG_BASELINE_1X,QUARTER,2023-Q2,0,0,0,,0,0,,True
FUTURES_LONG_BASELINE_1X,QUARTER,2023-Q3,0,0,0,,0,0,,True
FUTURES_LONG_BASELINE_1X,QUARTER,2023-Q4,-69.72704836279782051857142895,-69.78489660677383791428571466,0.05784824397601739571428571,0.08296385023359422192735614095,0,0,,True
FUTURES_LONG_BASELINE_1X,QUARTER,2024-Q1,-100.6607958786138267814285716,-99.63673670430892875214285726,-1.02405917430489802928571434,1.017336655612979718821324810,-1.106652840726405000000000,0,,True
FUTURES_LONG_BASELINE_1X,QUARTER,2024-Q2,178.2597641695825112572548019,180.8117570462755338857142856,-2.5519928766930226284594837,1.431614637538314352640769924,-2.381051065029179549888055,0,,True
FUTURES_LONG_BASELINE_1X,QUARTER,2024-Q3,0,0,0,,0,0,,True
FUTURES_LONG_BASELINE_1X,QUARTER,2024-Q4,65.22716555855030040314154323,67.55964026982474271714285725,-2.33247471127444231400131402,3.575925293244158084126680803,-2.260061302890649349001314,0,,True
FUTURES_LONG_BASELINE_1X,QUARTER,2025-Q1,0,0,0,,0,0,,True
FUTURES_LONG_BASELINE_1X,QUARTER,2025-Q2,232.0032274459072870380630684,236.2147354665520922335714290,-4.2115080206448051955083606,1.815279928218558664894125368,-3.861955053764655206936932,0,,True
FUTURES_LONG_BASELINE_1X,QUARTER,2025-Q3,163.7379212403073280935760734,171.2868206722738186607142860,-7.5488994319664905671382126,4.610354995827429408387697999,-7.240610275227455858566784,0,,True
FUTURES_LONG_BASELINE_1X,QUARTER,2025-Q4,-76.62804900703131411428571440,-76.32427398944120974285714297,-0.30377501759010437142857143,0.3964279679914991386015962601,-0.496330146146599320000000,0,,True
FUTURES_SHORT_MIRRORED_1X,YEAR,2022,275.2777871850451747209249300,278.6715098428036923707142862,-3.3937226577585176497893562,1.232835635763525951902873271,0,-3.491007345244612736932213,,True
FUTURES_SHORT_MIRRORED_1X,YEAR,2023,-146.0420688968945904200125649,-145.6170868851283976592857157,-0.4249820117661927607268492,0.2909997201328537834166436314,0,-0.472748573036257978583992,,True
FUTURES_SHORT_MIRRORED_1X,YEAR,2024,-716.8934217935247053883719127,-723.0085024428514266642857132,6.1150806493267212759138005,0.8529971769064369668550587775,0,6.087518376508196793056658,,True
FUTURES_SHORT_MIRRORED_1X,YEAR,2025,334.5663510911517954141009062,327.5353664737712415364285694,7.0309846173805538776723368,2.101521744326577264400666035,0,6.939045921744302482672337,,True
FUTURES_SHORT_MIRRORED_1X,QUARTER,2022-Q1,425.8523200890749290175545125,423.6731261072817812421428574,2.1791939817931477754116551,0.5117252810404623003016590273,0,2.185850509094999268983084,,True
FUTURES_SHORT_MIRRORED_1X,QUARTER,2022-Q2,194.6650680503222379248028772,197.1593620492951843478571417,-2.4942939989729464230542645,1.281325932769897133559472061,0,-2.516335101499525888768550,,True
FUTURES_SHORT_MIRRORED_1X,QUARTER,2022-Q3,-160.5865830293292177500465217,-158.9832429059101564992857117,-1.6033401234190612507608100,0.9984271993172869014825179548,0,-1.605830692503182353617953,,True
FUTURES_SHORT_MIRRORED_1X,QUARTER,2022-Q4,-184.6530179250227744713859380,-183.1777354078631167200000012,-1.4752825171596577513859368,0.7989485001315749792874044377,0,-1.554692060336903763528794,,True
FUTURES_SHORT_MIRRORED_1X,QUARTER,2023-Q1,-92.00008485714502112286970706,-92.08990011737753933785714364,0.08981526023251821498743658,0.09762519281583344576611333478,0,0.059409718913294261416008,,True
FUTURES_SHORT_MIRRORED_1X,QUARTER,2023-Q2,0,0,0,,0,0,,True
FUTURES_SHORT_MIRRORED_1X,QUARTER,2023-Q3,-54.04198403974956929714285780,-53.52718676775085832142857208,-0.51479727199871097571428572,0.9525876615115786331710325952,0,-0.532158291949552240000000,,True
FUTURES_SHORT_MIRRORED_1X,QUARTER,2023-Q4,0,0,0,,0,0,,True
FUTURES_SHORT_MIRRORED_1X,QUARTER,2024-Q1,-263.1477727280961561988285723,-266.3095939391739981128571437,3.1618212110778419140285714,1.201538275737135221927247701,0,3.116560082703429522600000,,True
FUTURES_SHORT_MIRRORED_1X,QUARTER,2024-Q2,-294.3815723793468427087993639,-295.5763567501423728899999999,1.1947843707955301812006360,0.4058624869548232629174564159,0,1.194023012015959361200636,,True
FUTURES_SHORT_MIRRORED_1X,QUARTER,2024-Q3,-48.32891651232156980065267650,-49.12209989328918939857142737,0.79318338096761959791875087,1.641219042776172414255306297,0,0.789319964710775265775894,,True
FUTURES_SHORT_MIRRORED_1X,QUARTER,2024-Q4,-111.0351601737601366800913001,-112.0004518602458662628571423,0.9652916864857295827658422,0.8693567739940520318394146240,0,0.987615317078032643480128,,True
FUTURES_SHORT_MIRRORED_1X,QUARTER,2025-Q1,306.5340343072825528793238178,302.9063593143994091335714276,3.6276749928831437457523902,1.183449335758459504304306842,0,3.495637549660560391466676,,True
FUTURES_SHORT_MIRRORED_1X,QUARTER,2025-Q2,-108.8873148082653497198469325,-108.5743231945937674157142867,-0.3129916136715823041326458,0.2874454331275546651931255621,0,-0.252155313902870448418360,,True
FUTURES_SHORT_MIRRORED_1X,QUARTER,2025-Q3,0,0,0,,0,0,,True
FUTURES_SHORT_MIRRORED_1X,QUARTER,2025-Q4,136.9196315921345922546240209,133.2033303539655998185714285,3.7163012381689924360525924,2.714220886336709202680276913,0,3.695563685986612539624021,,True
FUTURES_LONG_SHORT_BASELINE_1X,YEAR,2022,-48.08463801185397441838159658,-37.54432848832276990499999672,-10.54030952353120451338159986,21.92032624002030471449905570,-7.469820859138090567958088,-3.298098788390628581137797,,True
FUTURES_LONG_SHORT_BASELINE_1X,YEAR,2023,-233.4410878939855477665805814,-232.2516960876786279364285734,-1.1893918063069198301520080,0.5095040539080539934810865110,-0.998567645068360371900000,-0.457132387627882293252008,,True
FUTURES_LONG_SHORT_BASELINE_1X,YEAR,2024,-553.3890671798695372116827012,-554.3045249878781500049999995,0.9154578080086127933172983,0.1654275196786746564421195668,-5.539788249443037074878459,5.815396968947485733195757,,True
FUTURES_LONG_SHORT_BASELINE_1X,YEAR,2025,636.8141030701691465323751786,641.8719992649326763771428558,-5.0578961947635298447676772,0.7942500284429491314949902562,-11.192405938236723653644730,6.905087856475503643877053,,True
FUTURES_LONG_SHORT_BASELINE_1X,QUARTER,2022-Q1,279.9218224439256124634907358,279.6967395484622413885714281,0.2250828954633710749193077,0.08040919907502389915442902772,-1.918478192828855328490000,2.175509646719163653409308,,True
FUTURES_LONG_SHORT_BASELINE_1X,QUARTER,2022-Q2,-101.6273450389990747002680492,-98.71556735052162865071428623,-2.91177768847744604955376297,2.865151783075768992485223191,-0.472845651781813630870219,-2.445822119534697425826401,,True
FUTURES_LONG_SHORT_BASELINE_1X,QUARTER,2022-Q3,41.40776170252829248426414193,47.35959471503868984000000538,-5.95183301251039735573586345,14.37371344838228200803896626,-4.401694735880233868597869,-1.522020317549043527852280,,True
FUTURES_LONG_SHORT_BASELINE_1X,QUARTER,2022-Q4,-267.7868771193088046658684251,-265.8850954013020724828571440,-1.9017817180067321830112811,0.7101848075846596389274990513,-0.676802278647187740000000,-1.505765998026051280868424,,True
FUTURES_LONG_SHORT_BASELINE_1X,QUARTER,2023-Q1,-110.5856285731508882880091518,-109.7655859152191870935714295,-0.8200426579317011944377223,0.7415454146369970095813655859,-0.998567645068360371900000,0.057156366915042046747992,,True
FUTURES_LONG_SHORT_BASELINE_1X,QUARTER,2023-Q2,0,0,0,,0,0,,True
FUTURES_LONG_SHORT_BASELINE_1X,QUARTER,2023-Q3,-52.22728854418780850428571492,-51.77269502391013637142857206,-0.45459352027767213285714286,0.8704137874074304188367867082,0,-0.514288754542924340000000,,True
FUTURES_LONG_SHORT_BASELINE_1X,QUARTER,2023-Q4,-70.62817077664685097428571467,-70.71341514854930447142857181,0.08524437190245349714285714,0.1206945769160985853480846420,0,0,,True
FUTURES_LONG_SHORT_BASELINE_1X,QUARTER,2024-Q1,-351.7894135081988406457371438,-354.0311955405974044692857153,2.2417820323985638235485715,0.6372511355707173997804166474,-1.120954750158460000000000,2.958805584792010897120000,,True
FUTURES_LONG_SHORT_BASELINE_1X,QUARTER,2024-Q2,-108.8555101212369277977629442,-107.8223973586773756428571430,-1.0331127625595521549058012,0.9490679538490346744470177857,-2.279072166993642133403400,1.133583779810085582783313,,True
FUTURES_LONG_SHORT_BASELINE_1X,QUARTER,2024-Q3,-46.74410573231234193007477551,-47.56794600413936086714285613,0.82384027182701893706808062,1.762447390789489229266610303,0,0.763436445066033623496652,,True
FUTURES_LONG_SHORT_BASELINE_1X,QUARTER,2024-Q4,-46.00003781812142683810783782,-44.88298608446400902571428511,-1.11705173365741781239355271,2.428371337593471014699842633,-2.139761332290934941475059,0.959571159279355629795792,,True
FUTURES_LONG_SHORT_BASELINE_1X,QUARTER,2025-Q1,298.4815545731945707809977187,295.3692571024959891364285704,3.1122974706985816445691483,1.042710151770994754883749041,0,3.403809069627772068140577,,True
FUTURES_LONG_SHORT_BASELINE_1X,QUARTER,2025-Q2,116.9279433242565472423296449,120.9968488973188761407142853,-4.0689055730623288983846404,3.479840196777188859607526088,-3.750418957896532685664796,-0.243453133016233943434130,,True
FUTURES_LONG_SHORT_BASELINE_1X,QUARTER,2025-Q3,157.3519630572267806684486376,164.5103373582567165342857145,-7.1583743010299358658370769,4.549275498028920017080811644,-6.958218520375240207979934,0,,True
FUTURES_LONG_SHORT_BASELINE_1X,QUARTER,2025-Q4,64.05264211549124784059917735,60.99555590686109456571428563,3.05708620863015327488489172,4.772771438714456124594904488,-0.483768459964950760000000,3.744731919863965519170606,,True
FUTURES_LONG_SHORT_TIME_EXIT_12_1X,YEAR,2022,-555.5827394811253011811893178,-548.2951374955185078321428570,-7.2876019856067933490464608,1.311704174325662894598293601,-3.403532875018265651747010,-3.885973308160589064442308,,True
FUTURES_LONG_SHORT_TIME_EXIT_12_1X,YEAR,2023,-90.88002788502822494444285771,-89.88581976908646144214285770,-0.99420811594176350230000001,1.093978665146901354771239880,-0.950914451068713840300000,-0.119936653205643712000000,,True
FUTURES_LONG_SHORT_TIME_EXIT_12_1X,YEAR,2024,-454.8945359464863651306146281,-454.3096235437080496092857133,-0.5849124027783155213289148,0.1285819803399714638022981249,-3.189354682792552456189015,2.176558939968223504860100,,True
FUTURES_LONG_SHORT_TIME_EXIT_12_1X,YEAR,2025,997.185016327218653233964999,1003.246800879539739432857142,-6.061784552321086198892143,0.6078896546848993023460768773,-5.994605985630208815618440,0.963980079580159287440583,,True
FUTURES_LONG_SHORT_TIME_EXIT_12_1X,QUARTER,2022-Q1,-145.0711949224481465478745813,-146.2755929714568750985714281,1.2043980490087285506968468,0.8302117106380581754174267408,-0.609692117093961513520000,1.850371265018478248502561,,True
FUTURES_LONG_SHORT_TIME_EXIT_12_1X,QUARTER,2022-Q2,-324.7096579386769974851318432,-321.6956178727058427428571442,-3.0140400659711547422746990,0.9282261836943485395944856903,-0.764678397521610314490859,-2.224727142810755384926697,,True
FUTURES_LONG_SHORT_TIME_EXIT_12_1X,QUARTER,2022-Q3,43.16365999299865781333814652,46.61990665068988770428571555,-3.45624665769122989094756903,8.007306744265543830271233543,-1.864618533961792095236151,-1.565949237447724705711418,,True
FUTURES_LONG_SHORT_TIME_EXIT_12_1X,QUARTER,2022-Q4,-128.9655466129988149615210400,-126.9438333020456776950000002,-2.0217133109531372665210398,1.567638306547031580438452694,-0.164543826440901728500000,-1.945668192920587222306754,,True
FUTURES_LONG_SHORT_TIME_EXIT_12_1X,QUARTER,2023-Q1,-25.84543104481368722730000020,-24.90157778755436485714285733,-0.94385325725932237015714287,3.651915325469962015317907724,-0.950914451068713840300000,-0.012059386137326592000000,,True
FUTURES_LONG_SHORT_TIME_EXIT_12_1X,QUARTER,2023-Q2,0,0,0,,0,0,,True
FUTURES_LONG_SHORT_TIME_EXIT_12_1X,QUARTER,2023-Q3,2.941425267133413500000000,3.051967508151299325,-0.110542241017885825000000,3.758118292279971356216988001,0,-0.107877267068317120000000,,True
FUTURES_LONG_SHORT_TIME_EXIT_12_1X,QUARTER,2023-Q4,-67.97602210734795121714285751,-68.03620948968339591000000037,0.06018738233544469285714286,0.08854207773499394601751901764,0,0,,True
FUTURES_LONG_SHORT_TIME_EXIT_12_1X,QUARTER,2024-Q1,-242.9903187871563064984628572,-243.5260561196635447135714286,0.5357373325072382151085714,0.2204768219496469841915832848,-0.447542763446201515960000,0.763209766978789629640000,,True
FUTURES_LONG_SHORT_TIME_EXIT_12_1X,QUARTER,2024-Q2,-98.5063581782087373187575119,-98.0273673357694233749999998,-0.4789908424393139437575121,0.4862537315335191954069467415,-1.115188046779156166949144,0.555155858625727598191632,,True
FUTURES_LONG_SHORT_TIME_EXIT_12_1X,QUARTER,2024-Q3,75.96808049679405970293846894,75.69100158744087918000000082,0.27707890935318052293846812,0.3647306968153204441218227127,0,0.339456407188957827938468,,True
FUTURES_LONG_SHORT_TIME_EXIT_12_1X,QUARTER,2024-Q4,-189.3659394779153810163327280,-188.4472016757159607007142856,-0.9187378021994203156184424,0.4851652861820840914808624237,-1.626623872567194773279871,0.518736907174748449090000,,True
FUTURES_LONG_SHORT_TIME_EXIT_12_1X,QUARTER,2025-Q1,457.2143137194352402598744673,457.1730407629984994999999990,0.0412729564367407598744683,0.009027048191248770908749537029,0,0.473399821054490960588754,,True
FUTURES_LONG_SHORT_TIME_EXIT_12_1X,QUARTER,2025-Q2,523.2513390008501194864111944,526.4467959224252499299999994,-3.1954569215751304435888050,0.6106925455129965424240105889,-2.558585886040672357974872,-0.080302247574518610613933,,True
FUTURES_LONG_SHORT_TIME_EXIT_12_1X,QUARTER,2025-Q3,-12.66993951017890418621499615,-9.49532242543788235499999961,-3.17461708474102183121499654,25.05629235396558791687146818,-3.188973589338616457643568,0,,True
FUTURES_LONG_SHORT_TIME_EXIT_12_1X,QUARTER,2025-Q4,29.38930311711219767389433360,29.12228661955387235785714297,0.26701649755832531603719063,0.9085499458571797618979610559,-0.247046510250920000000000,0.570882506100186937465762,,True
FUTURES_LONG_SHORT_TIME_EXIT_24_1X,YEAR,2022,-351.7565037263877354883935520,-343.4947709951556839292857140,-8.2617327312320515591078380,2.348707882785418058384963817,-4.274956152155638573474374,-4.009133161742459065633464,,True
FUTURES_LONG_SHORT_TIME_EXIT_24_1X,YEAR,2023,-226.3178874203505582686425544,-225.1191662053286597635714305,-1.1987212150218985050711239,0.5296626036436345809975145531,-0.968097441322570881400000,-0.443183492811309113671124,,True
FUTURES_LONG_SHORT_TIME_EXIT_24_1X,YEAR,2024,-344.5855337893695060503330887,-345.0084965151337990499999998,0.4229627257642929996669111,0.1227453518181735802356075015,-3.677874454791177673061478,3.758109384990272851299818,,True
FUTURES_LONG_SHORT_TIME_EXIT_24_1X,YEAR,2025,683.3613305206798702237495369,689.8438237552926183364285700,-6.4824932346127481126790331,0.9486186802044361508826273959,-7.078275405260798653788892,1.363993046235045186824145,,True
FUTURES_LONG_SHORT_TIME_EXIT_24_1X,QUARTER,2022-Q1,-148.1467480260082920355106334,-148.9199446881327548528571420,0.7731966621244628173465086,0.5219126794391208934992103759,-1.119669943022185717580000,1.935874148115817922069366,,True
FUTURES_LONG_SHORT_TIME_EXIT_24_1X,QUARTER,2022-Q2,-217.1525225895379186682980059,-213.9662014545652050514285736,-3.1863211349727136168694323,1.467319419998405198349523307,-0.864089703656566182807341,-2.319224187802718315490663,,True
FUTURES_LONG_SHORT_TIME_EXIT_24_1X,QUARTER,2022-Q3,184.7460219964107909450768821,188.2285018693621541250000019,-3.4824798729513631799231198,1.885009395774172668162997284,-1.790573272202720272337033,-1.617378652130113059728944,,True
FUTURES_LONG_SHORT_TIME_EXIT_24_1X,QUARTER,2022-Q4,-171.2032551072523157296617948,-168.8371267218198781500000003,-2.3661283854324375796617945,1.382058059556255695056312976,-0.500623233274166400750000,-2.008404469925445612483223,,True
FUTURES_LONG_SHORT_TIME_EXIT_24_1X,QUARTER,2023-Q1,-107.2112286977384339543568391,-106.3946465143810606735714295,-0.8165821833573732807854096,0.7616573313039538594284682966,-0.968097441322570881400000,0.055412302670929046328876,,True
FUTURES_LONG_SHORT_TIME_EXIT_24_1X,QUARTER,2023-Q2,0,0,0,,0,0,,True
FUTURES_LONG_SHORT_TIME_EXIT_24_1X,QUARTER,2023-Q3,-50.63362993560515310285714347,-50.18273777442855409285714347,-0.45089216117659901000000000,0.8904993810438531131250001020,0,-0.498595795482238160000000,,True
FUTURES_LONG_SHORT_TIME_EXIT_24_1X,QUARTER,2023-Q4,-68.47302878700697121142857180,-68.54178191651904499714285751,0.06875312951207378571428571,0.1004090672342508744499527195,0,0,,True
FUTURES_LONG_SHORT_TIME_EXIT_24_1X,QUARTER,2024-Q1,-200.0883299410620789447914291,-201.0999880345705453692857148,1.0116580935084664244942857,0.5056057461254536633877167388,-0.432740570943124668400000,1.250272943744907777180000,,True
FUTURES_LONG_SHORT_TIME_EXIT_24_1X,QUARTER,2024-Q2,-30.5516509370583870914583384,-30.1721241392207178150000004,-0.3795267978376692764583380,1.242246445599811367372221035,-1.359200516252638588163768,0.953206512315096611705430,,True
FUTURES_LONG_SHORT_TIME_EXIT_24_1X,QUARTER,2024-Q3,-7.19700740246723680347606353,-7.81229589346209624857142748,0.61528849099485944509536395,8.549226874269015941830662842,0,0.602176934757351010095364,,True
FUTURES_LONG_SHORT_TIME_EXIT_24_1X,QUARTER,2024-Q4,-106.7485455087818032106072576,-105.9240884478804396171428572,-0.8244570609013635934644004,0.7723356388341034562729503694,-1.885933367595414416497710,0.952452994172917452319024,,True
FUTURES_LONG_SHORT_TIME_EXIT_24_1X,QUARTER,2025-Q1,198.6501724417050714781793104,198.0140706283689284378571420,0.6361018133361430403221684,0.3202120619969813683305796480,0,0.824895752480669786750740,,True
FUTURES_LONG_SHORT_TIME_EXIT_24_1X,QUARTER,2025-Q2,400.9435731627471486391889737,404.7880244542160888464285707,-3.8444512914689402072395970,0.9588509577901221561011578477,-3.209090616884573117069404,-0.206946147703623445170193,,True
FUTURES_LONG_SHORT_TIME_EXIT_24_1X,QUARTER,2025-Q3,42.72594482722252382328051198,46.18188272153314171928571434,-3.45593789431061789600520236,8.088616666725395144291914205,-3.387449634643853616719488,0,,True
FUTURES_LONG_SHORT_TIME_EXIT_24_1X,QUARTER,2025-Q4,41.04164008900512628310074090,40.85984595117445933285714298,0.18179413783066695024359792,0.4429504703915787105485661192,-0.481735153732371920000000,0.746043441457998845243598,,True
FUTURES_LONG_SHORT_TARGET_R_2_5_1X,YEAR,2022,-343.1731077329327469886369956,-332.0017258962900225117857147,-11.1713818366427244768512809,3.255319716175609371926304793,-7.952569148628166826698068,-3.509586968674201481581784,,True
FUTURES_LONG_SHORT_TARGET_R_2_5_1X,YEAR,2023,-198.6244244219674815631949324,-197.4580056190820888967857165,-1.1664188028853926664092159,0.5872484243968885112850585987,-0.969684232298540832480000,-0.445053919055422636429216,,True
FUTURES_LONG_SHORT_TARGET_R_2_5_1X,YEAR,2024,-418.2815079752971378694772457,-416.1721316908761146721428570,-2.1093762844210231973343887,0.5042958496137005190758778428,-8.458593292953680483193344,5.776426013511775514430384,,True
FUTURES_LONG_SHORT_TARGET_R_2_5_1X,YEAR,2025,1195.446227619742032882653467,1201.392406994310833509285712,-5.946179374568800626632245,0.4974024960042128508291889148,-12.068884180338525846217002,8.116409122417157903156185,,True
FUTURES_LONG_SHORT_TARGET_R_2_5_1X,QUARTER,2022-Q1,-197.1615230367743356078296651,-197.5105813998667531907142866,0.3490583630924175828846215,0.1770418272876252975341623901,-1.869328059641696268970000,2.224894976940966001140336,,True
FUTURES_LONG_SHORT_TARGET_R_2_5_1X,QUARTER,2022-Q2,19.0488713971278863307710596,21.6832884269455723585714268,-2.6344170298176860278003672,13.82978012132988116602745009,-0.452706094131365475691623,-2.187964786799904181037316,,True
FUTURES_LONG_SHORT_TARGET_R_2_5_1X,QUARTER,2022-Q3,287.6599883021155708941192100,294.1483211488682181932142885,-6.4883328467526472990950785,2.255556250644862244665518975,-4.961027752876527415036445,-1.361770200550316701558633,,True
FUTURES_LONG_SHORT_TARGET_R_2_5_1X,QUARTER,2022-Q4,-452.7204443954018686056976002,-450.3227540722370598728571435,-2.3976903231648087328404567,0.5296183003987971165238290224,-0.669507241978577667000000,-2.184746958264946600126171,,True
FUTURES_LONG_SHORT_TARGET_R_2_5_1X,QUARTER,2023-Q1,-79.05917404658010553033778858,-78.24060360312233745107142974,-0.81857044345776807926635884,1.035389571582777381626816410,-0.969684232298540832480000,0.055461599357394263570784,,True
FUTURES_LONG_SHORT_TARGET_R_2_5_1X,QUARTER,2023-Q2,0,0,0,,0,0,,True
FUTURES_LONG_SHORT_TARGET_R_2_5_1X,QUARTER,2023-Q3,-50.82858252310502515000000062,-50.39107036279686017142857205,-0.43751216030816497857142857,0.8607601050241488434670248001,0,-0.500515518412816900000000,,True
FUTURES_LONG_SHORT_TARGET_R_2_5_1X,QUARTER,2023-Q4,-68.73666785228235088285714323,-68.82633165316289127428571466,0.08966380088054039142857143,0.1304453702545360880028762644,0,0,,True
FUTURES_LONG_SHORT_TARGET_R_2_5_1X,QUARTER,2024-Q1,-342.3680924697543554829942866,-344.5833924150309108835714295,2.2152999452765554005771429,0.6470521038616530773091669131,-1.090934307551340000000000,2.879565404920736427720000,,True
FUTURES_LONG_SHORT_TARGET_R_2_5_1X,QUARTER,2024-Q2,-28.1364289912748598636058909,-24.2711489227024358335714290,-3.8652800685724240300344619,13.73763553921875438513671629,-5.008502312182270005361829,1.105853713905695110684510,,True
FUTURES_LONG_SHORT_TARGET_R_2_5_1X,QUARTER,2024-Q3,30.05030965171681809271258555,29.33321402118498224357142942,0.71709563053183584914115613,2.386316942630463470517384578,0,0.748769865273321829855442,,True
FUTURES_LONG_SHORT_TARGET_R_2_5_1X,QUARTER,2024-Q4,-77.82729616598474061558965391,-76.65080437432775019857142805,-1.17649179165699041701822586,1.511669876270465691017568343,-2.359156673220070477831515,1.042237029412022146170432,,True
FUTURES_LONG_SHORT_TARGET_R_2_5_1X,QUARTER,2025-Q1,360.4114243437923196021651474,356.9934499051101783364285717,3.4179744386821412657365757,0.9483535226180218672256166950,0,3.937939129060983615022290,,True
FUTURES_LONG_SHORT_TARGET_R_2_5_1X,QUARTER,2025-Q2,391.3688338812937424373328595,396.2587609246364275907142833,-4.8899270433426851533814238,1.249442117004608274681717511,-4.169502240488632553181138,-0.240446490499355941986000,,True
FUTURES_LONG_SHORT_TARGET_R_2_5_1X,QUARTER,2025-Q3,243.7998660190074951730355649,251.6221986453709815975000003,-7.8223326263634864244644354,3.208505711710944851866492478,-7.394219863947913893035864,0,,True
FUTURES_LONG_SHORT_TARGET_R_2_5_1X,QUARTER,2025-Q4,199.8661033756484756701198943,196.5179975191932459846428566,3.3481058564552296854770377,1.675174429233986954378119040,-0.505162075901979400000000,4.418916483855530230119895,,True
