market,mode,variant_id,period,stage,entered_count,passed_count,failed_count,pass_percent_from_previous,pass_percent_from_evaluated,dominant_failure_reason
SPOT,LONG,CALIBRATION_BASE,DEVELOPMENT,evaluated_candles,17419,17419,0,100,100,
SPOT,LONG,CALIBRATION_BASE,DEVELOPMENT,regime_matched,17419,209,17210,1.199839255984844135713875653,1.199839255984844135713875653,REGIME_AFTER_PULLBACK_REJECTED
SPOT,LONG,CALIBRATION_BASE,DEVELOPMENT,ema_alignment,209,209,0,100,1.199839255984844135713875653,EMA_ALIGNMENT_REJECTED
SPOT,LONG,CALIBRATION_BASE,DEVELOPMENT,price_long_ema_side,209,209,0,100,1.199839255984844135713875653,PRICE_CROSSED_LONG_EMA
SPOT,LONG,CALIBRATION_BASE,DEVELOPMENT,trend_persistence,209,125,84,59.80861244019138755980861244,0.7176072105172512773408347207,TREND_PERSISTENCE_TOO_SHORT
SPOT,LONG,CALIBRATION_BASE,DEVELOPMENT,pullback_started,125,11,114,8.800,0.06314943452551811240599345542,NO_PULLBACK
SPOT,LONG,CALIBRATION_BASE,DEVELOPMENT,pullback_age_valid,11,10,1,90.90909090909090909090909091,0.05740857684138010218726677766,PULLBACK_TOO_OLD
SPOT,LONG,CALIBRATION_BASE,DEVELOPMENT,pullback_depth_min,10,10,0,100,0.05740857684138010218726677766,PULLBACK_TOO_SHALLOW
SPOT,LONG,CALIBRATION_BASE,DEVELOPMENT,pullback_depth_max,10,10,0,100,0.05740857684138010218726677766,PULLBACK_TOO_DEEP
SPOT,LONG,CALIBRATION_BASE,DEVELOPMENT,long_ema_not_crossed,10,10,0,100,0.05740857684138010218726677766,PRICE_CROSSED_LONG_EMA
SPOT,LONG,CALIBRATION_BASE,DEVELOPMENT,resumption_cross,10,1,9,10.0,0.005740857684138010218726677766,RESUMPTION_NOT_CONFIRMED
SPOT,LONG,CALIBRATION_BASE,DEVELOPMENT,directional_close_confirmation,1,1,0,100,0.005740857684138010218726677766,DIRECTIONAL_CLOSE_REJECTED
SPOT,LONG,CALIBRATION_BASE,DEVELOPMENT,entry_extension_valid,1,0,1,0,0,PRICE_OVEREXTENDED
SPOT,LONG,CALIBRATION_BASE,DEVELOPMENT,volume_valid,0,0,0,0,0,VOLUME_REJECTED
SPOT,LONG,CALIBRATION_BASE,DEVELOPMENT,volatility_valid,0,0,0,0,0,VOLATILITY_REJECTED
SPOT,LONG,CALIBRATION_BASE,DEVELOPMENT,signal_created,0,0,0,0,0,
SPOT,LONG,CALIBRATION_BASE,DEVELOPMENT,risk_approved,0,0,0,0,0,
SPOT,LONG,CALIBRATION_BASE,DEVELOPMENT,order_executed,0,0,0,0,0,
SPOT,LONG,CALIBRATION_BASE,DEVELOPMENT,trade_closed,0,0,0,0,0,
SPOT,LONG,EXTENSION_1_5,DEVELOPMENT,evaluated_candles,17419,17419,0,100,100,
SPOT,LONG,EXTENSION_1_5,DEVELOPMENT,regime_matched,17419,210,17209,1.205580113668982145932602331,1.205580113668982145932602331,REGIME_AFTER_PULLBACK_REJECTED
SPOT,LONG,EXTENSION_1_5,DEVELOPMENT,ema_alignment,210,210,0,100,1.205580113668982145932602331,EMA_ALIGNMENT_REJECTED
SPOT,LONG,EXTENSION_1_5,DEVELOPMENT,price_long_ema_side,210,210,0,100,1.205580113668982145932602331,PRICE_CROSSED_LONG_EMA
SPOT,LONG,EXTENSION_1_5,DEVELOPMENT,trend_persistence,210,126,84,60.0,0.7233480682013892875595613985,TREND_PERSISTENCE_TOO_SHORT
SPOT,LONG,EXTENSION_1_5,DEVELOPMENT,pullback_started,126,12,114,9.523809523809523809523809524,0.06889029220965612262472013319,NO_PULLBACK
SPOT,LONG,EXTENSION_1_5,DEVELOPMENT,pullback_age_valid,12,11,1,91.66666666666666666666666667,0.06314943452551811240599345542,PULLBACK_TOO_OLD
SPOT,LONG,EXTENSION_1_5,DEVELOPMENT,pullback_depth_min,11,11,0,100,0.06314943452551811240599345542,PULLBACK_TOO_SHALLOW
SPOT,LONG,EXTENSION_1_5,DEVELOPMENT,pullback_depth_max,11,11,0,100,0.06314943452551811240599345542,PULLBACK_TOO_DEEP
SPOT,LONG,EXTENSION_1_5,DEVELOPMENT,long_ema_not_crossed,11,11,0,100,0.06314943452551811240599345542,PRICE_CROSSED_LONG_EMA
SPOT,LONG,EXTENSION_1_5,DEVELOPMENT,resumption_cross,11,2,9,18.18181818181818181818181818,0.01148171536827602043745335553,RESUMPTION_NOT_CONFIRMED
SPOT,LONG,EXTENSION_1_5,DEVELOPMENT,directional_close_confirmation,2,2,0,100,0.01148171536827602043745335553,DIRECTIONAL_CLOSE_REJECTED
SPOT,LONG,EXTENSION_1_5,DEVELOPMENT,entry_extension_valid,2,1,1,50.0,0.005740857684138010218726677766,PRICE_OVEREXTENDED
SPOT,LONG,EXTENSION_1_5,DEVELOPMENT,volume_valid,1,0,1,0,0,VOLUME_REJECTED
SPOT,LONG,EXTENSION_1_5,DEVELOPMENT,volatility_valid,0,0,0,0,0,VOLATILITY_REJECTED
SPOT,LONG,EXTENSION_1_5,DEVELOPMENT,signal_created,0,0,0,0,0,
SPOT,LONG,EXTENSION_1_5,DEVELOPMENT,risk_approved,0,0,0,0,0,
SPOT,LONG,EXTENSION_1_5,DEVELOPMENT,order_executed,0,0,0,0,0,
SPOT,LONG,EXTENSION_1_5,DEVELOPMENT,trade_closed,0,0,0,0,0,
SPOT,LONG,EXTENSION_2_0,DEVELOPMENT,evaluated_candles,17419,17419,0,100,100,
SPOT,LONG,EXTENSION_2_0,DEVELOPMENT,regime_matched,17419,212,17207,1.217061829037258166370055686,1.217061829037258166370055686,REGIME_AFTER_PULLBACK_REJECTED
SPOT,LONG,EXTENSION_2_0,DEVELOPMENT,ema_alignment,212,212,0,100,1.217061829037258166370055686,EMA_ALIGNMENT_REJECTED
SPOT,LONG,EXTENSION_2_0,DEVELOPMENT,price_long_ema_side,212,212,0,100,1.217061829037258166370055686,PRICE_CROSSED_LONG_EMA
SPOT,LONG,EXTENSION_2_0,DEVELOPMENT,trend_persistence,212,128,84,60.37735849056603773584905660,0.7348297835696653079970147540,TREND_PERSISTENCE_TOO_SHORT
SPOT,LONG,EXTENSION_2_0,DEVELOPMENT,pullback_started,128,14,114,10.937500,0.08037200757793214306217348872,NO_PULLBACK
SPOT,LONG,EXTENSION_2_0,DEVELOPMENT,pullback_age_valid,14,13,1,92.85714285714285714285714286,0.07463114989379413284344681095,PULLBACK_TOO_OLD
SPOT,LONG,EXTENSION_2_0,DEVELOPMENT,pullback_depth_min,13,13,0,100,0.07463114989379413284344681095,PULLBACK_TOO_SHALLOW
SPOT,LONG,EXTENSION_2_0,DEVELOPMENT,pullback_depth_max,13,13,0,100,0.07463114989379413284344681095,PULLBACK_TOO_DEEP
SPOT,LONG,EXTENSION_2_0,DEVELOPMENT,long_ema_not_crossed,13,13,0,100,0.07463114989379413284344681095,PRICE_CROSSED_LONG_EMA
SPOT,LONG,EXTENSION_2_0,DEVELOPMENT,resumption_cross,13,4,9,30.76923076923076923076923077,0.02296343073655204087490671106,RESUMPTION_NOT_CONFIRMED
SPOT,LONG,EXTENSION_2_0,DEVELOPMENT,directional_close_confirmation,4,4,0,100,0.02296343073655204087490671106,DIRECTIONAL_CLOSE_REJECTED
SPOT,LONG,EXTENSION_2_0,DEVELOPMENT,entry_extension_valid,4,3,1,75.00,0.01722257305241403065618003330,PRICE_OVEREXTENDED
SPOT,LONG,EXTENSION_2_0,DEVELOPMENT,volume_valid,3,0,3,0,0,VOLUME_REJECTED
SPOT,LONG,EXTENSION_2_0,DEVELOPMENT,volatility_valid,0,0,0,0,0,VOLATILITY_REJECTED
SPOT,LONG,EXTENSION_2_0,DEVELOPMENT,signal_created,0,0,0,0,0,
SPOT,LONG,EXTENSION_2_0,DEVELOPMENT,risk_approved,0,0,0,0,0,
SPOT,LONG,EXTENSION_2_0,DEVELOPMENT,order_executed,0,0,0,0,0,
SPOT,LONG,EXTENSION_2_0,DEVELOPMENT,trade_closed,0,0,0,0,0,
SPOT,LONG,NO_MINIMUM_DEPTH,DEVELOPMENT,evaluated_candles,17419,17419,0,100,100,
SPOT,LONG,NO_MINIMUM_DEPTH,DEVELOPMENT,regime_matched,17419,209,17210,1.199839255984844135713875653,1.199839255984844135713875653,REGIME_AFTER_PULLBACK_REJECTED
SPOT,LONG,NO_MINIMUM_DEPTH,DEVELOPMENT,ema_alignment,209,209,0,100,1.199839255984844135713875653,EMA_ALIGNMENT_REJECTED
SPOT,LONG,NO_MINIMUM_DEPTH,DEVELOPMENT,price_long_ema_side,209,209,0,100,1.199839255984844135713875653,PRICE_CROSSED_LONG_EMA
SPOT,LONG,NO_MINIMUM_DEPTH,DEVELOPMENT,trend_persistence,209,125,84,59.80861244019138755980861244,0.7176072105172512773408347207,TREND_PERSISTENCE_TOO_SHORT
SPOT,LONG,NO_MINIMUM_DEPTH,DEVELOPMENT,pullback_started,125,11,114,8.800,0.06314943452551811240599345542,NO_PULLBACK
SPOT,LONG,NO_MINIMUM_DEPTH,DEVELOPMENT,pullback_age_valid,11,10,1,90.90909090909090909090909091,0.05740857684138010218726677766,PULLBACK_TOO_OLD
SPOT,LONG,NO_MINIMUM_DEPTH,DEVELOPMENT,pullback_depth_min,10,10,0,100,0.05740857684138010218726677766,PULLBACK_TOO_SHALLOW
SPOT,LONG,NO_MINIMUM_DEPTH,DEVELOPMENT,pullback_depth_max,10,10,0,100,0.05740857684138010218726677766,PULLBACK_TOO_DEEP
SPOT,LONG,NO_MINIMUM_DEPTH,DEVELOPMENT,long_ema_not_crossed,10,10,0,100,0.05740857684138010218726677766,PRICE_CROSSED_LONG_EMA
SPOT,LONG,NO_MINIMUM_DEPTH,DEVELOPMENT,resumption_cross,10,1,9,10.0,0.005740857684138010218726677766,RESUMPTION_NOT_CONFIRMED
SPOT,LONG,NO_MINIMUM_DEPTH,DEVELOPMENT,directional_close_confirmation,1,1,0,100,0.005740857684138010218726677766,DIRECTIONAL_CLOSE_REJECTED
SPOT,LONG,NO_MINIMUM_DEPTH,DEVELOPMENT,entry_extension_valid,1,0,1,0,0,PRICE_OVEREXTENDED
SPOT,LONG,NO_MINIMUM_DEPTH,DEVELOPMENT,volume_valid,0,0,0,0,0,VOLUME_REJECTED
SPOT,LONG,NO_MINIMUM_DEPTH,DEVELOPMENT,volatility_valid,0,0,0,0,0,VOLATILITY_REJECTED
SPOT,LONG,NO_MINIMUM_DEPTH,DEVELOPMENT,signal_created,0,0,0,0,0,
SPOT,LONG,NO_MINIMUM_DEPTH,DEVELOPMENT,risk_approved,0,0,0,0,0,
SPOT,LONG,NO_MINIMUM_DEPTH,DEVELOPMENT,order_executed,0,0,0,0,0,
SPOT,LONG,NO_MINIMUM_DEPTH,DEVELOPMENT,trade_closed,0,0,0,0,0,
SPOT,LONG,VOLUME_RELAXED,DEVELOPMENT,evaluated_candles,17419,17419,0,100,100,
SPOT,LONG,VOLUME_RELAXED,DEVELOPMENT,regime_matched,17419,209,17210,1.199839255984844135713875653,1.199839255984844135713875653,REGIME_AFTER_PULLBACK_REJECTED
SPOT,LONG,VOLUME_RELAXED,DEVELOPMENT,ema_alignment,209,209,0,100,1.199839255984844135713875653,EMA_ALIGNMENT_REJECTED
SPOT,LONG,VOLUME_RELAXED,DEVELOPMENT,price_long_ema_side,209,209,0,100,1.199839255984844135713875653,PRICE_CROSSED_LONG_EMA
SPOT,LONG,VOLUME_RELAXED,DEVELOPMENT,trend_persistence,209,125,84,59.80861244019138755980861244,0.7176072105172512773408347207,TREND_PERSISTENCE_TOO_SHORT
SPOT,LONG,VOLUME_RELAXED,DEVELOPMENT,pullback_started,125,11,114,8.800,0.06314943452551811240599345542,NO_PULLBACK
SPOT,LONG,VOLUME_RELAXED,DEVELOPMENT,pullback_age_valid,11,10,1,90.90909090909090909090909091,0.05740857684138010218726677766,PULLBACK_TOO_OLD
SPOT,LONG,VOLUME_RELAXED,DEVELOPMENT,pullback_depth_min,10,10,0,100,0.05740857684138010218726677766,PULLBACK_TOO_SHALLOW
SPOT,LONG,VOLUME_RELAXED,DEVELOPMENT,pullback_depth_max,10,10,0,100,0.05740857684138010218726677766,PULLBACK_TOO_DEEP
SPOT,LONG,VOLUME_RELAXED,DEVELOPMENT,long_ema_not_crossed,10,10,0,100,0.05740857684138010218726677766,PRICE_CROSSED_LONG_EMA
SPOT,LONG,VOLUME_RELAXED,DEVELOPMENT,resumption_cross,10,1,9,10.0,0.005740857684138010218726677766,RESUMPTION_NOT_CONFIRMED
SPOT,LONG,VOLUME_RELAXED,DEVELOPMENT,directional_close_confirmation,1,1,0,100,0.005740857684138010218726677766,DIRECTIONAL_CLOSE_REJECTED
SPOT,LONG,VOLUME_RELAXED,DEVELOPMENT,entry_extension_valid,1,0,1,0,0,PRICE_OVEREXTENDED
SPOT,LONG,VOLUME_RELAXED,DEVELOPMENT,volume_valid,0,0,0,0,0,VOLUME_REJECTED
SPOT,LONG,VOLUME_RELAXED,DEVELOPMENT,volatility_valid,0,0,0,0,0,VOLATILITY_REJECTED
SPOT,LONG,VOLUME_RELAXED,DEVELOPMENT,signal_created,0,0,0,0,0,
SPOT,LONG,VOLUME_RELAXED,DEVELOPMENT,risk_approved,0,0,0,0,0,
SPOT,LONG,VOLUME_RELAXED,DEVELOPMENT,order_executed,0,0,0,0,0,
SPOT,LONG,VOLUME_RELAXED,DEVELOPMENT,trade_closed,0,0,0,0,0,
SPOT,LONG,VOLATILITY_RELAXED,DEVELOPMENT,evaluated_candles,17419,17419,0,100,100,
SPOT,LONG,VOLATILITY_RELAXED,DEVELOPMENT,regime_matched,17419,48,17371,0.2755611688386244904988805328,0.2755611688386244904988805328,REGIME_AFTER_PULLBACK_REJECTED
SPOT,LONG,VOLATILITY_RELAXED,DEVELOPMENT,ema_alignment,48,48,0,100,0.2755611688386244904988805328,EMA_ALIGNMENT_REJECTED
SPOT,LONG,VOLATILITY_RELAXED,DEVELOPMENT,price_long_ema_side,48,48,0,100,0.2755611688386244904988805328,PRICE_CROSSED_LONG_EMA
SPOT,LONG,VOLATILITY_RELAXED,DEVELOPMENT,trend_persistence,48,28,20,58.33333333333333333333333333,0.1607440151558642861243469774,TREND_PERSISTENCE_TOO_SHORT
SPOT,LONG,VOLATILITY_RELAXED,DEVELOPMENT,pullback_started,28,0,28,0,0,NO_PULLBACK
SPOT,LONG,VOLATILITY_RELAXED,DEVELOPMENT,pullback_age_valid,0,0,0,0,0,PULLBACK_TOO_OLD
SPOT,LONG,VOLATILITY_RELAXED,DEVELOPMENT,pullback_depth_min,0,0,0,0,0,PULLBACK_TOO_SHALLOW
SPOT,LONG,VOLATILITY_RELAXED,DEVELOPMENT,pullback_depth_max,0,0,0,0,0,PULLBACK_TOO_DEEP
SPOT,LONG,VOLATILITY_RELAXED,DEVELOPMENT,long_ema_not_crossed,0,0,0,0,0,PRICE_CROSSED_LONG_EMA
SPOT,LONG,VOLATILITY_RELAXED,DEVELOPMENT,resumption_cross,0,0,0,0,0,RESUMPTION_NOT_CONFIRMED
SPOT,LONG,VOLATILITY_RELAXED,DEVELOPMENT,directional_close_confirmation,0,0,0,0,0,DIRECTIONAL_CLOSE_REJECTED
SPOT,LONG,VOLATILITY_RELAXED,DEVELOPMENT,entry_extension_valid,0,0,0,0,0,PRICE_OVEREXTENDED
SPOT,LONG,VOLATILITY_RELAXED,DEVELOPMENT,volume_valid,0,0,0,0,0,VOLUME_REJECTED
SPOT,LONG,VOLATILITY_RELAXED,DEVELOPMENT,volatility_valid,0,0,0,0,0,VOLATILITY_REJECTED
SPOT,LONG,VOLATILITY_RELAXED,DEVELOPMENT,signal_created,0,0,0,0,0,
SPOT,LONG,VOLATILITY_RELAXED,DEVELOPMENT,risk_approved,0,0,0,0,0,
SPOT,LONG,VOLATILITY_RELAXED,DEVELOPMENT,order_executed,0,0,0,0,0,
SPOT,LONG,VOLATILITY_RELAXED,DEVELOPMENT,trade_closed,0,0,0,0,0,
SPOT,LONG,PERSISTENCE_2,DEVELOPMENT,evaluated_candles,17419,17419,0,100,100,
SPOT,LONG,PERSISTENCE_2,DEVELOPMENT,regime_matched,17419,209,17210,1.199839255984844135713875653,1.199839255984844135713875653,REGIME_AFTER_PULLBACK_REJECTED
SPOT,LONG,PERSISTENCE_2,DEVELOPMENT,ema_alignment,209,209,0,100,1.199839255984844135713875653,EMA_ALIGNMENT_REJECTED
SPOT,LONG,PERSISTENCE_2,DEVELOPMENT,price_long_ema_side,209,209,0,100,1.199839255984844135713875653,PRICE_CROSSED_LONG_EMA
SPOT,LONG,PERSISTENCE_2,DEVELOPMENT,trend_persistence,209,163,46,77.99043062200956937799043062,0.9357598025144956656524484758,TREND_PERSISTENCE_TOO_SHORT
SPOT,LONG,PERSISTENCE_2,DEVELOPMENT,pullback_started,163,12,151,7.361963190184049079754601227,0.06889029220965612262472013319,NO_PULLBACK
SPOT,LONG,PERSISTENCE_2,DEVELOPMENT,pullback_age_valid,12,10,2,83.33333333333333333333333333,0.05740857684138010218726677766,PULLBACK_TOO_OLD
SPOT,LONG,PERSISTENCE_2,DEVELOPMENT,pullback_depth_min,10,10,0,100,0.05740857684138010218726677766,PULLBACK_TOO_SHALLOW
SPOT,LONG,PERSISTENCE_2,DEVELOPMENT,pullback_depth_max,10,10,0,100,0.05740857684138010218726677766,PULLBACK_TOO_DEEP
SPOT,LONG,PERSISTENCE_2,DEVELOPMENT,long_ema_not_crossed,10,10,0,100,0.05740857684138010218726677766,PRICE_CROSSED_LONG_EMA
SPOT,LONG,PERSISTENCE_2,DEVELOPMENT,resumption_cross,10,1,9,10.0,0.005740857684138010218726677766,RESUMPTION_NOT_CONFIRMED
SPOT,LONG,PERSISTENCE_2,DEVELOPMENT,directional_close_confirmation,1,1,0,100,0.005740857684138010218726677766,DIRECTIONAL_CLOSE_REJECTED
SPOT,LONG,PERSISTENCE_2,DEVELOPMENT,entry_extension_valid,1,0,1,0,0,PRICE_OVEREXTENDED
SPOT,LONG,PERSISTENCE_2,DEVELOPMENT,volume_valid,0,0,0,0,0,VOLUME_REJECTED
SPOT,LONG,PERSISTENCE_2,DEVELOPMENT,volatility_valid,0,0,0,0,0,VOLATILITY_REJECTED
SPOT,LONG,PERSISTENCE_2,DEVELOPMENT,signal_created,0,0,0,0,0,
SPOT,LONG,PERSISTENCE_2,DEVELOPMENT,risk_approved,0,0,0,0,0,
SPOT,LONG,PERSISTENCE_2,DEVELOPMENT,order_executed,0,0,0,0,0,
SPOT,LONG,PERSISTENCE_2,DEVELOPMENT,trade_closed,0,0,0,0,0,
SPOT,LONG,DIRECTIONAL_CLOSE_RELAXED,DEVELOPMENT,evaluated_candles,17419,17419,0,100,100,
SPOT,LONG,DIRECTIONAL_CLOSE_RELAXED,DEVELOPMENT,regime_matched,17419,209,17210,1.199839255984844135713875653,1.199839255984844135713875653,REGIME_AFTER_PULLBACK_REJECTED
SPOT,LONG,DIRECTIONAL_CLOSE_RELAXED,DEVELOPMENT,ema_alignment,209,209,0,100,1.199839255984844135713875653,EMA_ALIGNMENT_REJECTED
SPOT,LONG,DIRECTIONAL_CLOSE_RELAXED,DEVELOPMENT,price_long_ema_side,209,209,0,100,1.199839255984844135713875653,PRICE_CROSSED_LONG_EMA
SPOT,LONG,DIRECTIONAL_CLOSE_RELAXED,DEVELOPMENT,trend_persistence,209,125,84,59.80861244019138755980861244,0.7176072105172512773408347207,TREND_PERSISTENCE_TOO_SHORT
SPOT,LONG,DIRECTIONAL_CLOSE_RELAXED,DEVELOPMENT,pullback_started,125,11,114,8.800,0.06314943452551811240599345542,NO_PULLBACK
SPOT,LONG,DIRECTIONAL_CLOSE_RELAXED,DEVELOPMENT,pullback_age_valid,11,10,1,90.90909090909090909090909091,0.05740857684138010218726677766,PULLBACK_TOO_OLD
SPOT,LONG,DIRECTIONAL_CLOSE_RELAXED,DEVELOPMENT,pullback_depth_min,10,10,0,100,0.05740857684138010218726677766,PULLBACK_TOO_SHALLOW
SPOT,LONG,DIRECTIONAL_CLOSE_RELAXED,DEVELOPMENT,pullback_depth_max,10,10,0,100,0.05740857684138010218726677766,PULLBACK_TOO_DEEP
SPOT,LONG,DIRECTIONAL_CLOSE_RELAXED,DEVELOPMENT,long_ema_not_crossed,10,10,0,100,0.05740857684138010218726677766,PRICE_CROSSED_LONG_EMA
SPOT,LONG,DIRECTIONAL_CLOSE_RELAXED,DEVELOPMENT,resumption_cross,10,1,9,10.0,0.005740857684138010218726677766,RESUMPTION_NOT_CONFIRMED
SPOT,LONG,DIRECTIONAL_CLOSE_RELAXED,DEVELOPMENT,directional_close_confirmation,1,1,0,100,0.005740857684138010218726677766,DIRECTIONAL_CLOSE_REJECTED
SPOT,LONG,DIRECTIONAL_CLOSE_RELAXED,DEVELOPMENT,entry_extension_valid,1,0,1,0,0,PRICE_OVEREXTENDED
SPOT,LONG,DIRECTIONAL_CLOSE_RELAXED,DEVELOPMENT,volume_valid,0,0,0,0,0,VOLUME_REJECTED
SPOT,LONG,DIRECTIONAL_CLOSE_RELAXED,DEVELOPMENT,volatility_valid,0,0,0,0,0,VOLATILITY_REJECTED
SPOT,LONG,DIRECTIONAL_CLOSE_RELAXED,DEVELOPMENT,signal_created,0,0,0,0,0,
SPOT,LONG,DIRECTIONAL_CLOSE_RELAXED,DEVELOPMENT,risk_approved,0,0,0,0,0,
SPOT,LONG,DIRECTIONAL_CLOSE_RELAXED,DEVELOPMENT,order_executed,0,0,0,0,0,
SPOT,LONG,DIRECTIONAL_CLOSE_RELAXED,DEVELOPMENT,trade_closed,0,0,0,0,0,
FUTURES,LONG,CALIBRATION_BASE,DEVELOPMENT,evaluated_candles,17420,17420,0,100,100,
FUTURES,LONG,CALIBRATION_BASE,DEVELOPMENT,regime_matched,17420,205,17215,1.176808266360505166475315729,1.176808266360505166475315729,REGIME_AFTER_PULLBACK_REJECTED
FUTURES,LONG,CALIBRATION_BASE,DEVELOPMENT,ema_alignment,205,205,0,100,1.176808266360505166475315729,EMA_ALIGNMENT_REJECTED
FUTURES,LONG,CALIBRATION_BASE,DEVELOPMENT,price_long_ema_side,205,205,0,100,1.176808266360505166475315729,PRICE_CROSSED_LONG_EMA
FUTURES,LONG,CALIBRATION_BASE,DEVELOPMENT,trend_persistence,205,122,83,59.51219512195121951219512195,0.7003444316877152698048220436,TREND_PERSISTENCE_TOO_SHORT
FUTURES,LONG,CALIBRATION_BASE,DEVELOPMENT,pullback_started,122,11,111,9.016393442622950819672131148,0.06314580941446613088404133180,NO_PULLBACK
FUTURES,LONG,CALIBRATION_BASE,DEVELOPMENT,pullback_age_valid,11,10,1,90.90909090909090909090909091,0.05740528128587830080367393800,PULLBACK_TOO_OLD
FUTURES,LONG,CALIBRATION_BASE,DEVELOPMENT,pullback_depth_min,10,10,0,100,0.05740528128587830080367393800,PULLBACK_TOO_SHALLOW
FUTURES,LONG,CALIBRATION_BASE,DEVELOPMENT,pullback_depth_max,10,10,0,100,0.05740528128587830080367393800,PULLBACK_TOO_DEEP
FUTURES,LONG,CALIBRATION_BASE,DEVELOPMENT,long_ema_not_crossed,10,10,0,100,0.05740528128587830080367393800,PRICE_CROSSED_LONG_EMA
FUTURES,LONG,CALIBRATION_BASE,DEVELOPMENT,resumption_cross,10,1,9,10.0,0.005740528128587830080367393800,RESUMPTION_NOT_CONFIRMED
FUTURES,LONG,CALIBRATION_BASE,DEVELOPMENT,directional_close_confirmation,1,1,0,100,0.005740528128587830080367393800,DIRECTIONAL_CLOSE_REJECTED
FUTURES,LONG,CALIBRATION_BASE,DEVELOPMENT,entry_extension_valid,1,0,1,0,0,PRICE_OVEREXTENDED
FUTURES,LONG,CALIBRATION_BASE,DEVELOPMENT,volume_valid,0,0,0,0,0,VOLUME_REJECTED
FUTURES,LONG,CALIBRATION_BASE,DEVELOPMENT,volatility_valid,0,0,0,0,0,VOLATILITY_REJECTED
FUTURES,LONG,CALIBRATION_BASE,DEVELOPMENT,signal_created,0,0,0,0,0,
FUTURES,LONG,CALIBRATION_BASE,DEVELOPMENT,risk_approved,0,0,0,0,0,
FUTURES,LONG,CALIBRATION_BASE,DEVELOPMENT,order_executed,0,0,0,0,0,
FUTURES,LONG,CALIBRATION_BASE,DEVELOPMENT,trade_closed,0,0,0,0,0,
FUTURES,LONG,EXTENSION_1_5,DEVELOPMENT,evaluated_candles,17420,17420,0,100,100,
FUTURES,LONG,EXTENSION_1_5,DEVELOPMENT,regime_matched,17420,206,17214,1.182548794489092996555683123,1.182548794489092996555683123,REGIME_AFTER_PULLBACK_REJECTED
FUTURES,LONG,EXTENSION_1_5,DEVELOPMENT,ema_alignment,206,206,0,100,1.182548794489092996555683123,EMA_ALIGNMENT_REJECTED
FUTURES,LONG,EXTENSION_1_5,DEVELOPMENT,price_long_ema_side,206,206,0,100,1.182548794489092996555683123,PRICE_CROSSED_LONG_EMA
FUTURES,LONG,EXTENSION_1_5,DEVELOPMENT,trend_persistence,206,123,83,59.70873786407766990291262136,0.7060849598163030998851894374,TREND_PERSISTENCE_TOO_SHORT
FUTURES,LONG,EXTENSION_1_5,DEVELOPMENT,pullback_started,123,12,111,9.756097560975609756097560976,0.06888633754305396096440872560,NO_PULLBACK
FUTURES,LONG,EXTENSION_1_5,DEVELOPMENT,pullback_age_valid,12,11,1,91.66666666666666666666666667,0.06314580941446613088404133180,PULLBACK_TOO_OLD
FUTURES,LONG,EXTENSION_1_5,DEVELOPMENT,pullback_depth_min,11,11,0,100,0.06314580941446613088404133180,PULLBACK_TOO_SHALLOW
FUTURES,LONG,EXTENSION_1_5,DEVELOPMENT,pullback_depth_max,11,11,0,100,0.06314580941446613088404133180,PULLBACK_TOO_DEEP
FUTURES,LONG,EXTENSION_1_5,DEVELOPMENT,long_ema_not_crossed,11,11,0,100,0.06314580941446613088404133180,PRICE_CROSSED_LONG_EMA
FUTURES,LONG,EXTENSION_1_5,DEVELOPMENT,resumption_cross,11,2,9,18.18181818181818181818181818,0.01148105625717566016073478760,RESUMPTION_NOT_CONFIRMED
FUTURES,LONG,EXTENSION_1_5,DEVELOPMENT,directional_close_confirmation,2,2,0,100,0.01148105625717566016073478760,DIRECTIONAL_CLOSE_REJECTED
FUTURES,LONG,EXTENSION_1_5,DEVELOPMENT,entry_extension_valid,2,1,1,50.0,0.005740528128587830080367393800,PRICE_OVEREXTENDED
FUTURES,LONG,EXTENSION_1_5,DEVELOPMENT,volume_valid,1,0,1,0,0,VOLUME_REJECTED
FUTURES,LONG,EXTENSION_1_5,DEVELOPMENT,volatility_valid,0,0,0,0,0,VOLATILITY_REJECTED
FUTURES,LONG,EXTENSION_1_5,DEVELOPMENT,signal_created,0,0,0,0,0,
FUTURES,LONG,EXTENSION_1_5,DEVELOPMENT,risk_approved,0,0,0,0,0,
FUTURES,LONG,EXTENSION_1_5,DEVELOPMENT,order_executed,0,0,0,0,0,
FUTURES,LONG,EXTENSION_1_5,DEVELOPMENT,trade_closed,0,0,0,0,0,
FUTURES,LONG,EXTENSION_2_0,DEVELOPMENT,evaluated_candles,17420,17420,0,100,100,
FUTURES,LONG,EXTENSION_2_0,DEVELOPMENT,regime_matched,17420,208,17212,1.194029850746268656716417910,1.194029850746268656716417910,REGIME_AFTER_PULLBACK_REJECTED
FUTURES,LONG,EXTENSION_2_0,DEVELOPMENT,ema_alignment,208,208,0,100,1.194029850746268656716417910,EMA_ALIGNMENT_REJECTED
FUTURES,LONG,EXTENSION_2_0,DEVELOPMENT,price_long_ema_side,208,208,0,100,1.194029850746268656716417910,PRICE_CROSSED_LONG_EMA
FUTURES,LONG,EXTENSION_2_0,DEVELOPMENT,trend_persistence,208,125,83,60.09615384615384615384615385,0.7175660160734787600459242250,TREND_PERSISTENCE_TOO_SHORT
FUTURES,LONG,EXTENSION_2_0,DEVELOPMENT,pullback_started,125,14,111,11.200,0.08036739380022962112514351320,NO_PULLBACK
FUTURES,LONG,EXTENSION_2_0,DEVELOPMENT,pullback_age_valid,14,13,1,92.85714285714285714285714286,0.07462686567164179104477611940,PULLBACK_TOO_OLD
FUTURES,LONG,EXTENSION_2_0,DEVELOPMENT,pullback_depth_min,13,13,0,100,0.07462686567164179104477611940,PULLBACK_TOO_SHALLOW
FUTURES,LONG,EXTENSION_2_0,DEVELOPMENT,pullback_depth_max,13,13,0,100,0.07462686567164179104477611940,PULLBACK_TOO_DEEP
FUTURES,LONG,EXTENSION_2_0,DEVELOPMENT,long_ema_not_crossed,13,13,0,100,0.07462686567164179104477611940,PRICE_CROSSED_LONG_EMA
FUTURES,LONG,EXTENSION_2_0,DEVELOPMENT,resumption_cross,13,4,9,30.76923076923076923076923077,0.02296211251435132032146957520,RESUMPTION_NOT_CONFIRMED
FUTURES,LONG,EXTENSION_2_0,DEVELOPMENT,directional_close_confirmation,4,4,0,100,0.02296211251435132032146957520,DIRECTIONAL_CLOSE_REJECTED
FUTURES,LONG,EXTENSION_2_0,DEVELOPMENT,entry_extension_valid,4,3,1,75.00,0.01722158438576349024110218140,PRICE_OVEREXTENDED
FUTURES,LONG,EXTENSION_2_0,DEVELOPMENT,volume_valid,3,0,3,0,0,VOLUME_REJECTED
FUTURES,LONG,EXTENSION_2_0,DEVELOPMENT,volatility_valid,0,0,0,0,0,VOLATILITY_REJECTED
FUTURES,LONG,EXTENSION_2_0,DEVELOPMENT,signal_created,0,0,0,0,0,
FUTURES,LONG,EXTENSION_2_0,DEVELOPMENT,risk_approved,0,0,0,0,0,
FUTURES,LONG,EXTENSION_2_0,DEVELOPMENT,order_executed,0,0,0,0,0,
FUTURES,LONG,EXTENSION_2_0,DEVELOPMENT,trade_closed,0,0,0,0,0,
FUTURES,LONG,NO_MINIMUM_DEPTH,DEVELOPMENT,evaluated_candles,17420,17420,0,100,100,
FUTURES,LONG,NO_MINIMUM_DEPTH,DEVELOPMENT,regime_matched,17420,205,17215,1.176808266360505166475315729,1.176808266360505166475315729,REGIME_AFTER_PULLBACK_REJECTED
FUTURES,LONG,NO_MINIMUM_DEPTH,DEVELOPMENT,ema_alignment,205,205,0,100,1.176808266360505166475315729,EMA_ALIGNMENT_REJECTED
FUTURES,LONG,NO_MINIMUM_DEPTH,DEVELOPMENT,price_long_ema_side,205,205,0,100,1.176808266360505166475315729,PRICE_CROSSED_LONG_EMA
FUTURES,LONG,NO_MINIMUM_DEPTH,DEVELOPMENT,trend_persistence,205,122,83,59.51219512195121951219512195,0.7003444316877152698048220436,TREND_PERSISTENCE_TOO_SHORT
FUTURES,LONG,NO_MINIMUM_DEPTH,DEVELOPMENT,pullback_started,122,11,111,9.016393442622950819672131148,0.06314580941446613088404133180,NO_PULLBACK
FUTURES,LONG,NO_MINIMUM_DEPTH,DEVELOPMENT,pullback_age_valid,11,10,1,90.90909090909090909090909091,0.05740528128587830080367393800,PULLBACK_TOO_OLD
FUTURES,LONG,NO_MINIMUM_DEPTH,DEVELOPMENT,pullback_depth_min,10,10,0,100,0.05740528128587830080367393800,PULLBACK_TOO_SHALLOW
FUTURES,LONG,NO_MINIMUM_DEPTH,DEVELOPMENT,pullback_depth_max,10,10,0,100,0.05740528128587830080367393800,PULLBACK_TOO_DEEP
FUTURES,LONG,NO_MINIMUM_DEPTH,DEVELOPMENT,long_ema_not_crossed,10,10,0,100,0.05740528128587830080367393800,PRICE_CROSSED_LONG_EMA
FUTURES,LONG,NO_MINIMUM_DEPTH,DEVELOPMENT,resumption_cross,10,1,9,10.0,0.005740528128587830080367393800,RESUMPTION_NOT_CONFIRMED
FUTURES,LONG,NO_MINIMUM_DEPTH,DEVELOPMENT,directional_close_confirmation,1,1,0,100,0.005740528128587830080367393800,DIRECTIONAL_CLOSE_REJECTED
FUTURES,LONG,NO_MINIMUM_DEPTH,DEVELOPMENT,entry_extension_valid,1,0,1,0,0,PRICE_OVEREXTENDED
FUTURES,LONG,NO_MINIMUM_DEPTH,DEVELOPMENT,volume_valid,0,0,0,0,0,VOLUME_REJECTED
FUTURES,LONG,NO_MINIMUM_DEPTH,DEVELOPMENT,volatility_valid,0,0,0,0,0,VOLATILITY_REJECTED
FUTURES,LONG,NO_MINIMUM_DEPTH,DEVELOPMENT,signal_created,0,0,0,0,0,
FUTURES,LONG,NO_MINIMUM_DEPTH,DEVELOPMENT,risk_approved,0,0,0,0,0,
FUTURES,LONG,NO_MINIMUM_DEPTH,DEVELOPMENT,order_executed,0,0,0,0,0,
FUTURES,LONG,NO_MINIMUM_DEPTH,DEVELOPMENT,trade_closed,0,0,0,0,0,
FUTURES,LONG,VOLUME_RELAXED,DEVELOPMENT,evaluated_candles,17420,17420,0,100,100,
FUTURES,LONG,VOLUME_RELAXED,DEVELOPMENT,regime_matched,17420,205,17215,1.176808266360505166475315729,1.176808266360505166475315729,REGIME_AFTER_PULLBACK_REJECTED
FUTURES,LONG,VOLUME_RELAXED,DEVELOPMENT,ema_alignment,205,205,0,100,1.176808266360505166475315729,EMA_ALIGNMENT_REJECTED
FUTURES,LONG,VOLUME_RELAXED,DEVELOPMENT,price_long_ema_side,205,205,0,100,1.176808266360505166475315729,PRICE_CROSSED_LONG_EMA
FUTURES,LONG,VOLUME_RELAXED,DEVELOPMENT,trend_persistence,205,122,83,59.51219512195121951219512195,0.7003444316877152698048220436,TREND_PERSISTENCE_TOO_SHORT
FUTURES,LONG,VOLUME_RELAXED,DEVELOPMENT,pullback_started,122,11,111,9.016393442622950819672131148,0.06314580941446613088404133180,NO_PULLBACK
FUTURES,LONG,VOLUME_RELAXED,DEVELOPMENT,pullback_age_valid,11,10,1,90.90909090909090909090909091,0.05740528128587830080367393800,PULLBACK_TOO_OLD
FUTURES,LONG,VOLUME_RELAXED,DEVELOPMENT,pullback_depth_min,10,10,0,100,0.05740528128587830080367393800,PULLBACK_TOO_SHALLOW
FUTURES,LONG,VOLUME_RELAXED,DEVELOPMENT,pullback_depth_max,10,10,0,100,0.05740528128587830080367393800,PULLBACK_TOO_DEEP
FUTURES,LONG,VOLUME_RELAXED,DEVELOPMENT,long_ema_not_crossed,10,10,0,100,0.05740528128587830080367393800,PRICE_CROSSED_LONG_EMA
FUTURES,LONG,VOLUME_RELAXED,DEVELOPMENT,resumption_cross,10,1,9,10.0,0.005740528128587830080367393800,RESUMPTION_NOT_CONFIRMED
FUTURES,LONG,VOLUME_RELAXED,DEVELOPMENT,directional_close_confirmation,1,1,0,100,0.005740528128587830080367393800,DIRECTIONAL_CLOSE_REJECTED
FUTURES,LONG,VOLUME_RELAXED,DEVELOPMENT,entry_extension_valid,1,0,1,0,0,PRICE_OVEREXTENDED
FUTURES,LONG,VOLUME_RELAXED,DEVELOPMENT,volume_valid,0,0,0,0,0,VOLUME_REJECTED
FUTURES,LONG,VOLUME_RELAXED,DEVELOPMENT,volatility_valid,0,0,0,0,0,VOLATILITY_REJECTED
FUTURES,LONG,VOLUME_RELAXED,DEVELOPMENT,signal_created,0,0,0,0,0,
FUTURES,LONG,VOLUME_RELAXED,DEVELOPMENT,risk_approved,0,0,0,0,0,
FUTURES,LONG,VOLUME_RELAXED,DEVELOPMENT,order_executed,0,0,0,0,0,
FUTURES,LONG,VOLUME_RELAXED,DEVELOPMENT,trade_closed,0,0,0,0,0,
FUTURES,LONG,VOLATILITY_RELAXED,DEVELOPMENT,evaluated_candles,17420,17420,0,100,100,
FUTURES,LONG,VOLATILITY_RELAXED,DEVELOPMENT,regime_matched,17420,205,17215,1.176808266360505166475315729,1.176808266360505166475315729,REGIME_AFTER_PULLBACK_REJECTED
FUTURES,LONG,VOLATILITY_RELAXED,DEVELOPMENT,ema_alignment,205,205,0,100,1.176808266360505166475315729,EMA_ALIGNMENT_REJECTED
FUTURES,LONG,VOLATILITY_RELAXED,DEVELOPMENT,price_long_ema_side,205,205,0,100,1.176808266360505166475315729,PRICE_CROSSED_LONG_EMA
FUTURES,LONG,VOLATILITY_RELAXED,DEVELOPMENT,trend_persistence,205,122,83,59.51219512195121951219512195,0.7003444316877152698048220436,TREND_PERSISTENCE_TOO_SHORT
FUTURES,LONG,VOLATILITY_RELAXED,DEVELOPMENT,pullback_started,122,11,111,9.016393442622950819672131148,0.06314580941446613088404133180,NO_PULLBACK
FUTURES,LONG,VOLATILITY_RELAXED,DEVELOPMENT,pullback_age_valid,11,10,1,90.90909090909090909090909091,0.05740528128587830080367393800,PULLBACK_TOO_OLD
FUTURES,LONG,VOLATILITY_RELAXED,DEVELOPMENT,pullback_depth_min,10,10,0,100,0.05740528128587830080367393800,PULLBACK_TOO_SHALLOW
FUTURES,LONG,VOLATILITY_RELAXED,DEVELOPMENT,pullback_depth_max,10,10,0,100,0.05740528128587830080367393800,PULLBACK_TOO_DEEP
FUTURES,LONG,VOLATILITY_RELAXED,DEVELOPMENT,long_ema_not_crossed,10,10,0,100,0.05740528128587830080367393800,PRICE_CROSSED_LONG_EMA
FUTURES,LONG,VOLATILITY_RELAXED,DEVELOPMENT,resumption_cross,10,1,9,10.0,0.005740528128587830080367393800,RESUMPTION_NOT_CONFIRMED
FUTURES,LONG,VOLATILITY_RELAXED,DEVELOPMENT,directional_close_confirmation,1,1,0,100,0.005740528128587830080367393800,DIRECTIONAL_CLOSE_REJECTED
FUTURES,LONG,VOLATILITY_RELAXED,DEVELOPMENT,entry_extension_valid,1,0,1,0,0,PRICE_OVEREXTENDED
FUTURES,LONG,VOLATILITY_RELAXED,DEVELOPMENT,volume_valid,0,0,0,0,0,VOLUME_REJECTED
FUTURES,LONG,VOLATILITY_RELAXED,DEVELOPMENT,volatility_valid,0,0,0,0,0,VOLATILITY_REJECTED
FUTURES,LONG,VOLATILITY_RELAXED,DEVELOPMENT,signal_created,0,0,0,0,0,
FUTURES,LONG,VOLATILITY_RELAXED,DEVELOPMENT,risk_approved,0,0,0,0,0,
FUTURES,LONG,VOLATILITY_RELAXED,DEVELOPMENT,order_executed,0,0,0,0,0,
FUTURES,LONG,VOLATILITY_RELAXED,DEVELOPMENT,trade_closed,0,0,0,0,0,
FUTURES,LONG,PERSISTENCE_2,DEVELOPMENT,evaluated_candles,17420,17420,0,100,100,
FUTURES,LONG,PERSISTENCE_2,DEVELOPMENT,regime_matched,17420,205,17215,1.176808266360505166475315729,1.176808266360505166475315729,REGIME_AFTER_PULLBACK_REJECTED
FUTURES,LONG,PERSISTENCE_2,DEVELOPMENT,ema_alignment,205,205,0,100,1.176808266360505166475315729,EMA_ALIGNMENT_REJECTED
FUTURES,LONG,PERSISTENCE_2,DEVELOPMENT,price_long_ema_side,205,205,0,100,1.176808266360505166475315729,PRICE_CROSSED_LONG_EMA
FUTURES,LONG,PERSISTENCE_2,DEVELOPMENT,trend_persistence,205,159,46,77.56097560975609756097560976,0.9127439724454649827784156142,TREND_PERSISTENCE_TOO_SHORT
FUTURES,LONG,PERSISTENCE_2,DEVELOPMENT,pullback_started,159,12,147,7.547169811320754716981132075,0.06888633754305396096440872560,NO_PULLBACK
FUTURES,LONG,PERSISTENCE_2,DEVELOPMENT,pullback_age_valid,12,10,2,83.33333333333333333333333333,0.05740528128587830080367393800,PULLBACK_TOO_OLD
FUTURES,LONG,PERSISTENCE_2,DEVELOPMENT,pullback_depth_min,10,10,0,100,0.05740528128587830080367393800,PULLBACK_TOO_SHALLOW
FUTURES,LONG,PERSISTENCE_2,DEVELOPMENT,pullback_depth_max,10,10,0,100,0.05740528128587830080367393800,PULLBACK_TOO_DEEP
FUTURES,LONG,PERSISTENCE_2,DEVELOPMENT,long_ema_not_crossed,10,10,0,100,0.05740528128587830080367393800,PRICE_CROSSED_LONG_EMA
FUTURES,LONG,PERSISTENCE_2,DEVELOPMENT,resumption_cross,10,1,9,10.0,0.005740528128587830080367393800,RESUMPTION_NOT_CONFIRMED
FUTURES,LONG,PERSISTENCE_2,DEVELOPMENT,directional_close_confirmation,1,1,0,100,0.005740528128587830080367393800,DIRECTIONAL_CLOSE_REJECTED
FUTURES,LONG,PERSISTENCE_2,DEVELOPMENT,entry_extension_valid,1,0,1,0,0,PRICE_OVEREXTENDED
FUTURES,LONG,PERSISTENCE_2,DEVELOPMENT,volume_valid,0,0,0,0,0,VOLUME_REJECTED
FUTURES,LONG,PERSISTENCE_2,DEVELOPMENT,volatility_valid,0,0,0,0,0,VOLATILITY_REJECTED
FUTURES,LONG,PERSISTENCE_2,DEVELOPMENT,signal_created,0,0,0,0,0,
FUTURES,LONG,PERSISTENCE_2,DEVELOPMENT,risk_approved,0,0,0,0,0,
FUTURES,LONG,PERSISTENCE_2,DEVELOPMENT,order_executed,0,0,0,0,0,
FUTURES,LONG,PERSISTENCE_2,DEVELOPMENT,trade_closed,0,0,0,0,0,
FUTURES,LONG,DIRECTIONAL_CLOSE_RELAXED,DEVELOPMENT,evaluated_candles,17420,17420,0,100,100,
FUTURES,LONG,DIRECTIONAL_CLOSE_RELAXED,DEVELOPMENT,regime_matched,17420,205,17215,1.176808266360505166475315729,1.176808266360505166475315729,REGIME_AFTER_PULLBACK_REJECTED
FUTURES,LONG,DIRECTIONAL_CLOSE_RELAXED,DEVELOPMENT,ema_alignment,205,205,0,100,1.176808266360505166475315729,EMA_ALIGNMENT_REJECTED
FUTURES,LONG,DIRECTIONAL_CLOSE_RELAXED,DEVELOPMENT,price_long_ema_side,205,205,0,100,1.176808266360505166475315729,PRICE_CROSSED_LONG_EMA
FUTURES,LONG,DIRECTIONAL_CLOSE_RELAXED,DEVELOPMENT,trend_persistence,205,122,83,59.51219512195121951219512195,0.7003444316877152698048220436,TREND_PERSISTENCE_TOO_SHORT
FUTURES,LONG,DIRECTIONAL_CLOSE_RELAXED,DEVELOPMENT,pullback_started,122,11,111,9.016393442622950819672131148,0.06314580941446613088404133180,NO_PULLBACK
FUTURES,LONG,DIRECTIONAL_CLOSE_RELAXED,DEVELOPMENT,pullback_age_valid,11,10,1,90.90909090909090909090909091,0.05740528128587830080367393800,PULLBACK_TOO_OLD
FUTURES,LONG,DIRECTIONAL_CLOSE_RELAXED,DEVELOPMENT,pullback_depth_min,10,10,0,100,0.05740528128587830080367393800,PULLBACK_TOO_SHALLOW
FUTURES,LONG,DIRECTIONAL_CLOSE_RELAXED,DEVELOPMENT,pullback_depth_max,10,10,0,100,0.05740528128587830080367393800,PULLBACK_TOO_DEEP
FUTURES,LONG,DIRECTIONAL_CLOSE_RELAXED,DEVELOPMENT,long_ema_not_crossed,10,10,0,100,0.05740528128587830080367393800,PRICE_CROSSED_LONG_EMA
FUTURES,LONG,DIRECTIONAL_CLOSE_RELAXED,DEVELOPMENT,resumption_cross,10,1,9,10.0,0.005740528128587830080367393800,RESUMPTION_NOT_CONFIRMED
FUTURES,LONG,DIRECTIONAL_CLOSE_RELAXED,DEVELOPMENT,directional_close_confirmation,1,1,0,100,0.005740528128587830080367393800,DIRECTIONAL_CLOSE_REJECTED
FUTURES,LONG,DIRECTIONAL_CLOSE_RELAXED,DEVELOPMENT,entry_extension_valid,1,0,1,0,0,PRICE_OVEREXTENDED
FUTURES,LONG,DIRECTIONAL_CLOSE_RELAXED,DEVELOPMENT,volume_valid,0,0,0,0,0,VOLUME_REJECTED
FUTURES,LONG,DIRECTIONAL_CLOSE_RELAXED,DEVELOPMENT,volatility_valid,0,0,0,0,0,VOLATILITY_REJECTED
FUTURES,LONG,DIRECTIONAL_CLOSE_RELAXED,DEVELOPMENT,signal_created,0,0,0,0,0,
FUTURES,LONG,DIRECTIONAL_CLOSE_RELAXED,DEVELOPMENT,risk_approved,0,0,0,0,0,
FUTURES,LONG,DIRECTIONAL_CLOSE_RELAXED,DEVELOPMENT,order_executed,0,0,0,0,0,
FUTURES,LONG,DIRECTIONAL_CLOSE_RELAXED,DEVELOPMENT,trade_closed,0,0,0,0,0,
FUTURES,SHORT,CALIBRATION_BASE,DEVELOPMENT,evaluated_candles,17420,17420,0,100,100,
FUTURES,SHORT,CALIBRATION_BASE,DEVELOPMENT,regime_matched,17420,438,16982,2.514351320321469575200918485,2.514351320321469575200918485,REGIME_AFTER_PULLBACK_REJECTED
FUTURES,SHORT,CALIBRATION_BASE,DEVELOPMENT,ema_alignment,438,438,0,100,2.514351320321469575200918485,EMA_ALIGNMENT_REJECTED
FUTURES,SHORT,CALIBRATION_BASE,DEVELOPMENT,price_long_ema_side,438,438,0,100,2.514351320321469575200918485,PRICE_CROSSED_LONG_EMA
FUTURES,SHORT,CALIBRATION_BASE,DEVELOPMENT,trend_persistence,438,308,130,70.31963470319634703196347032,1.768082663605051664753157290,TREND_PERSISTENCE_TOO_SHORT
FUTURES,SHORT,CALIBRATION_BASE,DEVELOPMENT,pullback_started,308,20,288,6.493506493506493506493506494,0.1148105625717566016073478760,NO_PULLBACK
FUTURES,SHORT,CALIBRATION_BASE,DEVELOPMENT,pullback_age_valid,20,19,1,95.00,0.1090700344431687715269804822,PULLBACK_TOO_OLD
FUTURES,SHORT,CALIBRATION_BASE,DEVELOPMENT,pullback_depth_min,19,19,0,100,0.1090700344431687715269804822,PULLBACK_TOO_SHALLOW
FUTURES,SHORT,CALIBRATION_BASE,DEVELOPMENT,pullback_depth_max,19,19,0,100,0.1090700344431687715269804822,PULLBACK_TOO_DEEP
FUTURES,SHORT,CALIBRATION_BASE,DEVELOPMENT,long_ema_not_crossed,19,19,0,100,0.1090700344431687715269804822,PRICE_CROSSED_LONG_EMA
FUTURES,SHORT,CALIBRATION_BASE,DEVELOPMENT,resumption_cross,19,3,16,15.78947368421052631578947368,0.01722158438576349024110218140,RESUMPTION_NOT_CONFIRMED
FUTURES,SHORT,CALIBRATION_BASE,DEVELOPMENT,directional_close_confirmation,3,3,0,100,0.01722158438576349024110218140,DIRECTIONAL_CLOSE_REJECTED
FUTURES,SHORT,CALIBRATION_BASE,DEVELOPMENT,entry_extension_valid,3,0,3,0,0,PRICE_OVEREXTENDED
FUTURES,SHORT,CALIBRATION_BASE,DEVELOPMENT,volume_valid,0,0,0,0,0,VOLUME_REJECTED
FUTURES,SHORT,CALIBRATION_BASE,DEVELOPMENT,volatility_valid,0,0,0,0,0,VOLATILITY_REJECTED
FUTURES,SHORT,CALIBRATION_BASE,DEVELOPMENT,signal_created,0,0,0,0,0,
FUTURES,SHORT,CALIBRATION_BASE,DEVELOPMENT,risk_approved,0,0,0,0,0,
FUTURES,SHORT,CALIBRATION_BASE,DEVELOPMENT,order_executed,0,0,0,0,0,
FUTURES,SHORT,CALIBRATION_BASE,DEVELOPMENT,trade_closed,0,0,0,0,0,
FUTURES,SHORT,EXTENSION_1_5,DEVELOPMENT,evaluated_candles,17420,17420,0,100,100,
FUTURES,SHORT,EXTENSION_1_5,DEVELOPMENT,regime_matched,17420,440,16980,2.525832376578645235361653272,2.525832376578645235361653272,REGIME_AFTER_PULLBACK_REJECTED
FUTURES,SHORT,EXTENSION_1_5,DEVELOPMENT,ema_alignment,440,440,0,100,2.525832376578645235361653272,EMA_ALIGNMENT_REJECTED
FUTURES,SHORT,EXTENSION_1_5,DEVELOPMENT,price_long_ema_side,440,440,0,100,2.525832376578645235361653272,PRICE_CROSSED_LONG_EMA
FUTURES,SHORT,EXTENSION_1_5,DEVELOPMENT,trend_persistence,440,310,130,70.45454545454545454545454545,1.779563719862227324913892078,TREND_PERSISTENCE_TOO_SHORT
FUTURES,SHORT,EXTENSION_1_5,DEVELOPMENT,pullback_started,310,22,288,7.096774193548387096774193548,0.1262916188289322617680826636,NO_PULLBACK
FUTURES,SHORT,EXTENSION_1_5,DEVELOPMENT,pullback_age_valid,22,20,2,90.90909090909090909090909091,0.1148105625717566016073478760,PULLBACK_TOO_OLD
FUTURES,SHORT,EXTENSION_1_5,DEVELOPMENT,pullback_depth_min,20,20,0,100,0.1148105625717566016073478760,PULLBACK_TOO_SHALLOW
FUTURES,SHORT,EXTENSION_1_5,DEVELOPMENT,pullback_depth_max,20,20,0,100,0.1148105625717566016073478760,PULLBACK_TOO_DEEP
FUTURES,SHORT,EXTENSION_1_5,DEVELOPMENT,long_ema_not_crossed,20,20,0,100,0.1148105625717566016073478760,PRICE_CROSSED_LONG_EMA
FUTURES,SHORT,EXTENSION_1_5,DEVELOPMENT,resumption_cross,20,4,16,20.0,0.02296211251435132032146957520,RESUMPTION_NOT_CONFIRMED
FUTURES,SHORT,EXTENSION_1_5,DEVELOPMENT,directional_close_confirmation,4,4,0,100,0.02296211251435132032146957520,DIRECTIONAL_CLOSE_REJECTED
FUTURES,SHORT,EXTENSION_1_5,DEVELOPMENT,entry_extension_valid,4,2,2,50.0,0.01148105625717566016073478760,PRICE_OVEREXTENDED
FUTURES,SHORT,EXTENSION_1_5,DEVELOPMENT,volume_valid,2,0,2,0,0,VOLUME_REJECTED
FUTURES,SHORT,EXTENSION_1_5,DEVELOPMENT,volatility_valid,0,0,0,0,0,VOLATILITY_REJECTED
FUTURES,SHORT,EXTENSION_1_5,DEVELOPMENT,signal_created,0,0,0,0,0,
FUTURES,SHORT,EXTENSION_1_5,DEVELOPMENT,risk_approved,0,0,0,0,0,
FUTURES,SHORT,EXTENSION_1_5,DEVELOPMENT,order_executed,0,0,0,0,0,
FUTURES,SHORT,EXTENSION_1_5,DEVELOPMENT,trade_closed,0,0,0,0,0,
FUTURES,SHORT,EXTENSION_2_0,DEVELOPMENT,evaluated_candles,17420,17420,0,100,100,
FUTURES,SHORT,EXTENSION_2_0,DEVELOPMENT,regime_matched,17420,441,16979,2.531572904707233065442020666,2.531572904707233065442020666,REGIME_AFTER_PULLBACK_REJECTED
FUTURES,SHORT,EXTENSION_2_0,DEVELOPMENT,ema_alignment,441,441,0,100,2.531572904707233065442020666,EMA_ALIGNMENT_REJECTED
FUTURES,SHORT,EXTENSION_2_0,DEVELOPMENT,price_long_ema_side,441,441,0,100,2.531572904707233065442020666,PRICE_CROSSED_LONG_EMA
FUTURES,SHORT,EXTENSION_2_0,DEVELOPMENT,trend_persistence,441,311,130,70.52154195011337868480725624,1.785304247990815154994259472,TREND_PERSISTENCE_TOO_SHORT
FUTURES,SHORT,EXTENSION_2_0,DEVELOPMENT,pullback_started,311,23,288,7.395498392282958199356913183,0.1320321469575200918484500574,NO_PULLBACK
FUTURES,SHORT,EXTENSION_2_0,DEVELOPMENT,pullback_age_valid,23,21,2,91.30434782608695652173913043,0.1205510907003444316877152698,PULLBACK_TOO_OLD
FUTURES,SHORT,EXTENSION_2_0,DEVELOPMENT,pullback_depth_min,21,21,0,100,0.1205510907003444316877152698,PULLBACK_TOO_SHALLOW
FUTURES,SHORT,EXTENSION_2_0,DEVELOPMENT,pullback_depth_max,21,21,0,100,0.1205510907003444316877152698,PULLBACK_TOO_DEEP
FUTURES,SHORT,EXTENSION_2_0,DEVELOPMENT,long_ema_not_crossed,21,21,0,100,0.1205510907003444316877152698,PRICE_CROSSED_LONG_EMA
FUTURES,SHORT,EXTENSION_2_0,DEVELOPMENT,resumption_cross,21,5,16,23.80952380952380952380952381,0.02870264064293915040183696900,RESUMPTION_NOT_CONFIRMED
FUTURES,SHORT,EXTENSION_2_0,DEVELOPMENT,directional_close_confirmation,5,5,0,100,0.02870264064293915040183696900,DIRECTIONAL_CLOSE_REJECTED
FUTURES,SHORT,EXTENSION_2_0,DEVELOPMENT,entry_extension_valid,5,3,2,60.0,0.01722158438576349024110218140,PRICE_OVEREXTENDED
FUTURES,SHORT,EXTENSION_2_0,DEVELOPMENT,volume_valid,3,0,3,0,0,VOLUME_REJECTED
FUTURES,SHORT,EXTENSION_2_0,DEVELOPMENT,volatility_valid,0,0,0,0,0,VOLATILITY_REJECTED
FUTURES,SHORT,EXTENSION_2_0,DEVELOPMENT,signal_created,0,0,0,0,0,
FUTURES,SHORT,EXTENSION_2_0,DEVELOPMENT,risk_approved,0,0,0,0,0,
FUTURES,SHORT,EXTENSION_2_0,DEVELOPMENT,order_executed,0,0,0,0,0,
FUTURES,SHORT,EXTENSION_2_0,DEVELOPMENT,trade_closed,0,0,0,0,0,
FUTURES,SHORT,NO_MINIMUM_DEPTH,DEVELOPMENT,evaluated_candles,17420,17420,0,100,100,
FUTURES,SHORT,NO_MINIMUM_DEPTH,DEVELOPMENT,regime_matched,17420,439,16981,2.520091848450057405281285878,2.520091848450057405281285878,REGIME_AFTER_PULLBACK_REJECTED
FUTURES,SHORT,NO_MINIMUM_DEPTH,DEVELOPMENT,ema_alignment,439,439,0,100,2.520091848450057405281285878,EMA_ALIGNMENT_REJECTED
FUTURES,SHORT,NO_MINIMUM_DEPTH,DEVELOPMENT,price_long_ema_side,439,439,0,100,2.520091848450057405281285878,PRICE_CROSSED_LONG_EMA
FUTURES,SHORT,NO_MINIMUM_DEPTH,DEVELOPMENT,trend_persistence,439,309,130,70.38724373576309794988610478,1.773823191733639494833524684,TREND_PERSISTENCE_TOO_SHORT
FUTURES,SHORT,NO_MINIMUM_DEPTH,DEVELOPMENT,pullback_started,309,21,288,6.796116504854368932038834951,0.1205510907003444316877152698,NO_PULLBACK
FUTURES,SHORT,NO_MINIMUM_DEPTH,DEVELOPMENT,pullback_age_valid,21,21,0,100,0.1205510907003444316877152698,PULLBACK_TOO_OLD
FUTURES,SHORT,NO_MINIMUM_DEPTH,DEVELOPMENT,pullback_depth_min,21,21,0,100,0.1205510907003444316877152698,PULLBACK_TOO_SHALLOW
FUTURES,SHORT,NO_MINIMUM_DEPTH,DEVELOPMENT,pullback_depth_max,21,20,1,95.23809523809523809523809524,0.1148105625717566016073478760,PULLBACK_TOO_DEEP
FUTURES,SHORT,NO_MINIMUM_DEPTH,DEVELOPMENT,long_ema_not_crossed,20,20,0,100,0.1148105625717566016073478760,PRICE_CROSSED_LONG_EMA
FUTURES,SHORT,NO_MINIMUM_DEPTH,DEVELOPMENT,resumption_cross,20,4,16,20.0,0.02296211251435132032146957520,RESUMPTION_NOT_CONFIRMED
FUTURES,SHORT,NO_MINIMUM_DEPTH,DEVELOPMENT,directional_close_confirmation,4,4,0,100,0.02296211251435132032146957520,DIRECTIONAL_CLOSE_REJECTED
FUTURES,SHORT,NO_MINIMUM_DEPTH,DEVELOPMENT,entry_extension_valid,4,0,4,0,0,PRICE_OVEREXTENDED
FUTURES,SHORT,NO_MINIMUM_DEPTH,DEVELOPMENT,volume_valid,0,0,0,0,0,VOLUME_REJECTED
FUTURES,SHORT,NO_MINIMUM_DEPTH,DEVELOPMENT,volatility_valid,0,0,0,0,0,VOLATILITY_REJECTED
FUTURES,SHORT,NO_MINIMUM_DEPTH,DEVELOPMENT,signal_created,0,0,0,0,0,
FUTURES,SHORT,NO_MINIMUM_DEPTH,DEVELOPMENT,risk_approved,0,0,0,0,0,
FUTURES,SHORT,NO_MINIMUM_DEPTH,DEVELOPMENT,order_executed,0,0,0,0,0,
FUTURES,SHORT,NO_MINIMUM_DEPTH,DEVELOPMENT,trade_closed,0,0,0,0,0,
FUTURES,SHORT,VOLUME_RELAXED,DEVELOPMENT,evaluated_candles,17420,17420,0,100,100,
FUTURES,SHORT,VOLUME_RELAXED,DEVELOPMENT,regime_matched,17420,438,16982,2.514351320321469575200918485,2.514351320321469575200918485,REGIME_AFTER_PULLBACK_REJECTED
FUTURES,SHORT,VOLUME_RELAXED,DEVELOPMENT,ema_alignment,438,438,0,100,2.514351320321469575200918485,EMA_ALIGNMENT_REJECTED
FUTURES,SHORT,VOLUME_RELAXED,DEVELOPMENT,price_long_ema_side,438,438,0,100,2.514351320321469575200918485,PRICE_CROSSED_LONG_EMA
FUTURES,SHORT,VOLUME_RELAXED,DEVELOPMENT,trend_persistence,438,308,130,70.31963470319634703196347032,1.768082663605051664753157290,TREND_PERSISTENCE_TOO_SHORT
FUTURES,SHORT,VOLUME_RELAXED,DEVELOPMENT,pullback_started,308,20,288,6.493506493506493506493506494,0.1148105625717566016073478760,NO_PULLBACK
FUTURES,SHORT,VOLUME_RELAXED,DEVELOPMENT,pullback_age_valid,20,19,1,95.00,0.1090700344431687715269804822,PULLBACK_TOO_OLD
FUTURES,SHORT,VOLUME_RELAXED,DEVELOPMENT,pullback_depth_min,19,19,0,100,0.1090700344431687715269804822,PULLBACK_TOO_SHALLOW
FUTURES,SHORT,VOLUME_RELAXED,DEVELOPMENT,pullback_depth_max,19,19,0,100,0.1090700344431687715269804822,PULLBACK_TOO_DEEP
FUTURES,SHORT,VOLUME_RELAXED,DEVELOPMENT,long_ema_not_crossed,19,19,0,100,0.1090700344431687715269804822,PRICE_CROSSED_LONG_EMA
FUTURES,SHORT,VOLUME_RELAXED,DEVELOPMENT,resumption_cross,19,3,16,15.78947368421052631578947368,0.01722158438576349024110218140,RESUMPTION_NOT_CONFIRMED
FUTURES,SHORT,VOLUME_RELAXED,DEVELOPMENT,directional_close_confirmation,3,3,0,100,0.01722158438576349024110218140,DIRECTIONAL_CLOSE_REJECTED
FUTURES,SHORT,VOLUME_RELAXED,DEVELOPMENT,entry_extension_valid,3,0,3,0,0,PRICE_OVEREXTENDED
FUTURES,SHORT,VOLUME_RELAXED,DEVELOPMENT,volume_valid,0,0,0,0,0,VOLUME_REJECTED
FUTURES,SHORT,VOLUME_RELAXED,DEVELOPMENT,volatility_valid,0,0,0,0,0,VOLATILITY_REJECTED
FUTURES,SHORT,VOLUME_RELAXED,DEVELOPMENT,signal_created,0,0,0,0,0,
FUTURES,SHORT,VOLUME_RELAXED,DEVELOPMENT,risk_approved,0,0,0,0,0,
FUTURES,SHORT,VOLUME_RELAXED,DEVELOPMENT,order_executed,0,0,0,0,0,
FUTURES,SHORT,VOLUME_RELAXED,DEVELOPMENT,trade_closed,0,0,0,0,0,
FUTURES,SHORT,VOLATILITY_RELAXED,DEVELOPMENT,evaluated_candles,17420,17420,0,100,100,
FUTURES,SHORT,VOLATILITY_RELAXED,DEVELOPMENT,regime_matched,17420,438,16982,2.514351320321469575200918485,2.514351320321469575200918485,REGIME_AFTER_PULLBACK_REJECTED
FUTURES,SHORT,VOLATILITY_RELAXED,DEVELOPMENT,ema_alignment,438,438,0,100,2.514351320321469575200918485,EMA_ALIGNMENT_REJECTED
FUTURES,SHORT,VOLATILITY_RELAXED,DEVELOPMENT,price_long_ema_side,438,438,0,100,2.514351320321469575200918485,PRICE_CROSSED_LONG_EMA
FUTURES,SHORT,VOLATILITY_RELAXED,DEVELOPMENT,trend_persistence,438,308,130,70.31963470319634703196347032,1.768082663605051664753157290,TREND_PERSISTENCE_TOO_SHORT
FUTURES,SHORT,VOLATILITY_RELAXED,DEVELOPMENT,pullback_started,308,20,288,6.493506493506493506493506494,0.1148105625717566016073478760,NO_PULLBACK
FUTURES,SHORT,VOLATILITY_RELAXED,DEVELOPMENT,pullback_age_valid,20,19,1,95.00,0.1090700344431687715269804822,PULLBACK_TOO_OLD
FUTURES,SHORT,VOLATILITY_RELAXED,DEVELOPMENT,pullback_depth_min,19,19,0,100,0.1090700344431687715269804822,PULLBACK_TOO_SHALLOW
FUTURES,SHORT,VOLATILITY_RELAXED,DEVELOPMENT,pullback_depth_max,19,19,0,100,0.1090700344431687715269804822,PULLBACK_TOO_DEEP
FUTURES,SHORT,VOLATILITY_RELAXED,DEVELOPMENT,long_ema_not_crossed,19,19,0,100,0.1090700344431687715269804822,PRICE_CROSSED_LONG_EMA
FUTURES,SHORT,VOLATILITY_RELAXED,DEVELOPMENT,resumption_cross,19,3,16,15.78947368421052631578947368,0.01722158438576349024110218140,RESUMPTION_NOT_CONFIRMED
FUTURES,SHORT,VOLATILITY_RELAXED,DEVELOPMENT,directional_close_confirmation,3,3,0,100,0.01722158438576349024110218140,DIRECTIONAL_CLOSE_REJECTED
FUTURES,SHORT,VOLATILITY_RELAXED,DEVELOPMENT,entry_extension_valid,3,0,3,0,0,PRICE_OVEREXTENDED
FUTURES,SHORT,VOLATILITY_RELAXED,DEVELOPMENT,volume_valid,0,0,0,0,0,VOLUME_REJECTED
FUTURES,SHORT,VOLATILITY_RELAXED,DEVELOPMENT,volatility_valid,0,0,0,0,0,VOLATILITY_REJECTED
FUTURES,SHORT,VOLATILITY_RELAXED,DEVELOPMENT,signal_created,0,0,0,0,0,
FUTURES,SHORT,VOLATILITY_RELAXED,DEVELOPMENT,risk_approved,0,0,0,0,0,
FUTURES,SHORT,VOLATILITY_RELAXED,DEVELOPMENT,order_executed,0,0,0,0,0,
FUTURES,SHORT,VOLATILITY_RELAXED,DEVELOPMENT,trade_closed,0,0,0,0,0,
FUTURES,SHORT,PERSISTENCE_2,DEVELOPMENT,evaluated_candles,17420,17420,0,100,100,
FUTURES,SHORT,PERSISTENCE_2,DEVELOPMENT,regime_matched,17420,438,16982,2.514351320321469575200918485,2.514351320321469575200918485,REGIME_AFTER_PULLBACK_REJECTED
FUTURES,SHORT,PERSISTENCE_2,DEVELOPMENT,ema_alignment,438,438,0,100,2.514351320321469575200918485,EMA_ALIGNMENT_REJECTED
FUTURES,SHORT,PERSISTENCE_2,DEVELOPMENT,price_long_ema_side,438,438,0,100,2.514351320321469575200918485,PRICE_CROSSED_LONG_EMA
FUTURES,SHORT,PERSISTENCE_2,DEVELOPMENT,trend_persistence,438,370,68,84.47488584474885844748858447,2.123995407577497129735935706,TREND_PERSISTENCE_TOO_SHORT
FUTURES,SHORT,PERSISTENCE_2,DEVELOPMENT,pullback_started,370,22,348,5.945945945945945945945945946,0.1262916188289322617680826636,NO_PULLBACK
FUTURES,SHORT,PERSISTENCE_2,DEVELOPMENT,pullback_age_valid,22,21,1,95.45454545454545454545454545,0.1205510907003444316877152698,PULLBACK_TOO_OLD
FUTURES,SHORT,PERSISTENCE_2,DEVELOPMENT,pullback_depth_min,21,21,0,100,0.1205510907003444316877152698,PULLBACK_TOO_SHALLOW
FUTURES,SHORT,PERSISTENCE_2,DEVELOPMENT,pullback_depth_max,21,21,0,100,0.1205510907003444316877152698,PULLBACK_TOO_DEEP
FUTURES,SHORT,PERSISTENCE_2,DEVELOPMENT,long_ema_not_crossed,21,21,0,100,0.1205510907003444316877152698,PRICE_CROSSED_LONG_EMA
FUTURES,SHORT,PERSISTENCE_2,DEVELOPMENT,resumption_cross,21,4,17,19.04761904761904761904761905,0.02296211251435132032146957520,RESUMPTION_NOT_CONFIRMED
FUTURES,SHORT,PERSISTENCE_2,DEVELOPMENT,directional_close_confirmation,4,4,0,100,0.02296211251435132032146957520,DIRECTIONAL_CLOSE_REJECTED
FUTURES,SHORT,PERSISTENCE_2,DEVELOPMENT,entry_extension_valid,4,0,4,0,0,PRICE_OVEREXTENDED
FUTURES,SHORT,PERSISTENCE_2,DEVELOPMENT,volume_valid,0,0,0,0,0,VOLUME_REJECTED
FUTURES,SHORT,PERSISTENCE_2,DEVELOPMENT,volatility_valid,0,0,0,0,0,VOLATILITY_REJECTED
FUTURES,SHORT,PERSISTENCE_2,DEVELOPMENT,signal_created,0,0,0,0,0,
FUTURES,SHORT,PERSISTENCE_2,DEVELOPMENT,risk_approved,0,0,0,0,0,
FUTURES,SHORT,PERSISTENCE_2,DEVELOPMENT,order_executed,0,0,0,0,0,
FUTURES,SHORT,PERSISTENCE_2,DEVELOPMENT,trade_closed,0,0,0,0,0,
FUTURES,SHORT,DIRECTIONAL_CLOSE_RELAXED,DEVELOPMENT,evaluated_candles,17420,17420,0,100,100,
FUTURES,SHORT,DIRECTIONAL_CLOSE_RELAXED,DEVELOPMENT,regime_matched,17420,438,16982,2.514351320321469575200918485,2.514351320321469575200918485,REGIME_AFTER_PULLBACK_REJECTED
FUTURES,SHORT,DIRECTIONAL_CLOSE_RELAXED,DEVELOPMENT,ema_alignment,438,438,0,100,2.514351320321469575200918485,EMA_ALIGNMENT_REJECTED
FUTURES,SHORT,DIRECTIONAL_CLOSE_RELAXED,DEVELOPMENT,price_long_ema_side,438,438,0,100,2.514351320321469575200918485,PRICE_CROSSED_LONG_EMA
FUTURES,SHORT,DIRECTIONAL_CLOSE_RELAXED,DEVELOPMENT,trend_persistence,438,308,130,70.31963470319634703196347032,1.768082663605051664753157290,TREND_PERSISTENCE_TOO_SHORT
FUTURES,SHORT,DIRECTIONAL_CLOSE_RELAXED,DEVELOPMENT,pullback_started,308,20,288,6.493506493506493506493506494,0.1148105625717566016073478760,NO_PULLBACK
FUTURES,SHORT,DIRECTIONAL_CLOSE_RELAXED,DEVELOPMENT,pullback_age_valid,20,19,1,95.00,0.1090700344431687715269804822,PULLBACK_TOO_OLD
FUTURES,SHORT,DIRECTIONAL_CLOSE_RELAXED,DEVELOPMENT,pullback_depth_min,19,19,0,100,0.1090700344431687715269804822,PULLBACK_TOO_SHALLOW
FUTURES,SHORT,DIRECTIONAL_CLOSE_RELAXED,DEVELOPMENT,pullback_depth_max,19,19,0,100,0.1090700344431687715269804822,PULLBACK_TOO_DEEP
FUTURES,SHORT,DIRECTIONAL_CLOSE_RELAXED,DEVELOPMENT,long_ema_not_crossed,19,19,0,100,0.1090700344431687715269804822,PRICE_CROSSED_LONG_EMA
FUTURES,SHORT,DIRECTIONAL_CLOSE_RELAXED,DEVELOPMENT,resumption_cross,19,3,16,15.78947368421052631578947368,0.01722158438576349024110218140,RESUMPTION_NOT_CONFIRMED
FUTURES,SHORT,DIRECTIONAL_CLOSE_RELAXED,DEVELOPMENT,directional_close_confirmation,3,3,0,100,0.01722158438576349024110218140,DIRECTIONAL_CLOSE_REJECTED
FUTURES,SHORT,DIRECTIONAL_CLOSE_RELAXED,DEVELOPMENT,entry_extension_valid,3,0,3,0,0,PRICE_OVEREXTENDED
FUTURES,SHORT,DIRECTIONAL_CLOSE_RELAXED,DEVELOPMENT,volume_valid,0,0,0,0,0,VOLUME_REJECTED
FUTURES,SHORT,DIRECTIONAL_CLOSE_RELAXED,DEVELOPMENT,volatility_valid,0,0,0,0,0,VOLATILITY_REJECTED
FUTURES,SHORT,DIRECTIONAL_CLOSE_RELAXED,DEVELOPMENT,signal_created,0,0,0,0,0,
FUTURES,SHORT,DIRECTIONAL_CLOSE_RELAXED,DEVELOPMENT,risk_approved,0,0,0,0,0,
FUTURES,SHORT,DIRECTIONAL_CLOSE_RELAXED,DEVELOPMENT,order_executed,0,0,0,0,0,
FUTURES,SHORT,DIRECTIONAL_CLOSE_RELAXED,DEVELOPMENT,trade_closed,0,0,0,0,0,
FUTURES,LONG_SHORT,CALIBRATION_BASE,DEVELOPMENT,evaluated_candles,17420,17420,0,100,100,
FUTURES,LONG_SHORT,CALIBRATION_BASE,DEVELOPMENT,regime_matched,17420,638,16782,3.662456946039035591274397245,3.662456946039035591274397245,REGIME_AFTER_PULLBACK_REJECTED
FUTURES,LONG_SHORT,CALIBRATION_BASE,DEVELOPMENT,ema_alignment,638,638,0,100,3.662456946039035591274397245,EMA_ALIGNMENT_REJECTED
FUTURES,LONG_SHORT,CALIBRATION_BASE,DEVELOPMENT,price_long_ema_side,638,638,0,100,3.662456946039035591274397245,PRICE_CROSSED_LONG_EMA
FUTURES,LONG_SHORT,CALIBRATION_BASE,DEVELOPMENT,trend_persistence,638,425,213,66.61442006269592476489028213,2.439724454649827784156142365,TREND_PERSISTENCE_TOO_SHORT
FUTURES,LONG_SHORT,CALIBRATION_BASE,DEVELOPMENT,pullback_started,425,27,398,6.352941176470588235294117647,0.1549942594718714121699196326,NO_PULLBACK
FUTURES,LONG_SHORT,CALIBRATION_BASE,DEVELOPMENT,pullback_age_valid,27,25,2,92.59259259259259259259259259,0.1435132032146957520091848450,PULLBACK_TOO_OLD
FUTURES,LONG_SHORT,CALIBRATION_BASE,DEVELOPMENT,pullback_depth_min,25,25,0,100,0.1435132032146957520091848450,PULLBACK_TOO_SHALLOW
FUTURES,LONG_SHORT,CALIBRATION_BASE,DEVELOPMENT,pullback_depth_max,25,25,0,100,0.1435132032146957520091848450,PULLBACK_TOO_DEEP
FUTURES,LONG_SHORT,CALIBRATION_BASE,DEVELOPMENT,long_ema_not_crossed,25,25,0,100,0.1435132032146957520091848450,PRICE_CROSSED_LONG_EMA
FUTURES,LONG_SHORT,CALIBRATION_BASE,DEVELOPMENT,resumption_cross,25,1,24,4.00,0.005740528128587830080367393800,RESUMPTION_NOT_CONFIRMED
FUTURES,LONG_SHORT,CALIBRATION_BASE,DEVELOPMENT,directional_close_confirmation,1,1,0,100,0.005740528128587830080367393800,DIRECTIONAL_CLOSE_REJECTED
FUTURES,LONG_SHORT,CALIBRATION_BASE,DEVELOPMENT,entry_extension_valid,1,0,1,0,0,PRICE_OVEREXTENDED
FUTURES,LONG_SHORT,CALIBRATION_BASE,DEVELOPMENT,volume_valid,0,0,0,0,0,VOLUME_REJECTED
FUTURES,LONG_SHORT,CALIBRATION_BASE,DEVELOPMENT,volatility_valid,0,0,0,0,0,VOLATILITY_REJECTED
FUTURES,LONG_SHORT,CALIBRATION_BASE,DEVELOPMENT,signal_created,0,0,0,0,0,
FUTURES,LONG_SHORT,CALIBRATION_BASE,DEVELOPMENT,risk_approved,0,0,0,0,0,
FUTURES,LONG_SHORT,CALIBRATION_BASE,DEVELOPMENT,order_executed,0,0,0,0,0,
FUTURES,LONG_SHORT,CALIBRATION_BASE,DEVELOPMENT,trade_closed,0,0,0,0,0,
FUTURES,LONG_SHORT,EXTENSION_1_5,DEVELOPMENT,evaluated_candles,17420,17420,0,100,100,
FUTURES,LONG_SHORT,EXTENSION_1_5,DEVELOPMENT,regime_matched,17420,641,16779,3.679678530424799081515499426,3.679678530424799081515499426,REGIME_AFTER_PULLBACK_REJECTED
FUTURES,LONG_SHORT,EXTENSION_1_5,DEVELOPMENT,ema_alignment,641,641,0,100,3.679678530424799081515499426,EMA_ALIGNMENT_REJECTED
FUTURES,LONG_SHORT,EXTENSION_1_5,DEVELOPMENT,price_long_ema_side,641,641,0,100,3.679678530424799081515499426,PRICE_CROSSED_LONG_EMA
FUTURES,LONG_SHORT,EXTENSION_1_5,DEVELOPMENT,trend_persistence,641,428,213,66.77067082683307332293291732,2.456946039035591274397244546,TREND_PERSISTENCE_TOO_SHORT
FUTURES,LONG_SHORT,EXTENSION_1_5,DEVELOPMENT,pullback_started,428,30,398,7.009345794392523364485981308,0.1722158438576349024110218140,NO_PULLBACK
FUTURES,LONG_SHORT,EXTENSION_1_5,DEVELOPMENT,pullback_age_valid,30,28,2,93.33333333333333333333333333,0.1607347876004592422502870264,PULLBACK_TOO_OLD
FUTURES,LONG_SHORT,EXTENSION_1_5,DEVELOPMENT,pullback_depth_min,28,28,0,100,0.1607347876004592422502870264,PULLBACK_TOO_SHALLOW
FUTURES,LONG_SHORT,EXTENSION_1_5,DEVELOPMENT,pullback_depth_max,28,28,0,100,0.1607347876004592422502870264,PULLBACK_TOO_DEEP
FUTURES,LONG_SHORT,EXTENSION_1_5,DEVELOPMENT,long_ema_not_crossed,28,28,0,100,0.1607347876004592422502870264,PRICE_CROSSED_LONG_EMA
FUTURES,LONG_SHORT,EXTENSION_1_5,DEVELOPMENT,resumption_cross,28,4,24,14.28571428571428571428571429,0.02296211251435132032146957520,RESUMPTION_NOT_CONFIRMED
FUTURES,LONG_SHORT,EXTENSION_1_5,DEVELOPMENT,directional_close_confirmation,4,4,0,100,0.02296211251435132032146957520,DIRECTIONAL_CLOSE_REJECTED
FUTURES,LONG_SHORT,EXTENSION_1_5,DEVELOPMENT,entry_extension_valid,4,3,1,75.00,0.01722158438576349024110218140,PRICE_OVEREXTENDED
FUTURES,LONG_SHORT,EXTENSION_1_5,DEVELOPMENT,volume_valid,3,0,3,0,0,VOLUME_REJECTED
FUTURES,LONG_SHORT,EXTENSION_1_5,DEVELOPMENT,volatility_valid,0,0,0,0,0,VOLATILITY_REJECTED
FUTURES,LONG_SHORT,EXTENSION_1_5,DEVELOPMENT,signal_created,0,0,0,0,0,
FUTURES,LONG_SHORT,EXTENSION_1_5,DEVELOPMENT,risk_approved,0,0,0,0,0,
FUTURES,LONG_SHORT,EXTENSION_1_5,DEVELOPMENT,order_executed,0,0,0,0,0,
FUTURES,LONG_SHORT,EXTENSION_1_5,DEVELOPMENT,trade_closed,0,0,0,0,0,
FUTURES,LONG_SHORT,EXTENSION_2_0,DEVELOPMENT,evaluated_candles,17420,17420,0,100,100,
FUTURES,LONG_SHORT,EXTENSION_2_0,DEVELOPMENT,regime_matched,17420,644,16776,3.696900114810562571756601607,3.696900114810562571756601607,REGIME_AFTER_PULLBACK_REJECTED
FUTURES,LONG_SHORT,EXTENSION_2_0,DEVELOPMENT,ema_alignment,644,644,0,100,3.696900114810562571756601607,EMA_ALIGNMENT_REJECTED
FUTURES,LONG_SHORT,EXTENSION_2_0,DEVELOPMENT,price_long_ema_side,644,644,0,100,3.696900114810562571756601607,PRICE_CROSSED_LONG_EMA
FUTURES,LONG_SHORT,EXTENSION_2_0,DEVELOPMENT,trend_persistence,644,431,213,66.92546583850931677018633540,2.474167623421354764638346728,TREND_PERSISTENCE_TOO_SHORT
FUTURES,LONG_SHORT,EXTENSION_2_0,DEVELOPMENT,pullback_started,431,33,398,7.656612529002320185614849188,0.1894374282433983926521239954,NO_PULLBACK
FUTURES,LONG_SHORT,EXTENSION_2_0,DEVELOPMENT,pullback_age_valid,33,31,2,93.93939393939393939393939394,0.1779563719862227324913892078,PULLBACK_TOO_OLD
FUTURES,LONG_SHORT,EXTENSION_2_0,DEVELOPMENT,pullback_depth_min,31,31,0,100,0.1779563719862227324913892078,PULLBACK_TOO_SHALLOW
FUTURES,LONG_SHORT,EXTENSION_2_0,DEVELOPMENT,pullback_depth_max,31,31,0,100,0.1779563719862227324913892078,PULLBACK_TOO_DEEP
FUTURES,LONG_SHORT,EXTENSION_2_0,DEVELOPMENT,long_ema_not_crossed,31,31,0,100,0.1779563719862227324913892078,PRICE_CROSSED_LONG_EMA
FUTURES,LONG_SHORT,EXTENSION_2_0,DEVELOPMENT,resumption_cross,31,7,24,22.58064516129032258064516129,0.04018369690011481056257175660,RESUMPTION_NOT_CONFIRMED
FUTURES,LONG_SHORT,EXTENSION_2_0,DEVELOPMENT,directional_close_confirmation,7,7,0,100,0.04018369690011481056257175660,DIRECTIONAL_CLOSE_REJECTED
FUTURES,LONG_SHORT,EXTENSION_2_0,DEVELOPMENT,entry_extension_valid,7,6,1,85.71428571428571428571428571,0.03444316877152698048220436280,PRICE_OVEREXTENDED
FUTURES,LONG_SHORT,EXTENSION_2_0,DEVELOPMENT,volume_valid,6,0,6,0,0,VOLUME_REJECTED
FUTURES,LONG_SHORT,EXTENSION_2_0,DEVELOPMENT,volatility_valid,0,0,0,0,0,VOLATILITY_REJECTED
FUTURES,LONG_SHORT,EXTENSION_2_0,DEVELOPMENT,signal_created,0,0,0,0,0,
FUTURES,LONG_SHORT,EXTENSION_2_0,DEVELOPMENT,risk_approved,0,0,0,0,0,
FUTURES,LONG_SHORT,EXTENSION_2_0,DEVELOPMENT,order_executed,0,0,0,0,0,
FUTURES,LONG_SHORT,EXTENSION_2_0,DEVELOPMENT,trade_closed,0,0,0,0,0,
FUTURES,LONG_SHORT,NO_MINIMUM_DEPTH,DEVELOPMENT,evaluated_candles,17420,17420,0,100,100,
FUTURES,LONG_SHORT,NO_MINIMUM_DEPTH,DEVELOPMENT,regime_matched,17420,638,16782,3.662456946039035591274397245,3.662456946039035591274397245,REGIME_AFTER_PULLBACK_REJECTED
FUTURES,LONG_SHORT,NO_MINIMUM_DEPTH,DEVELOPMENT,ema_alignment,638,638,0,100,3.662456946039035591274397245,EMA_ALIGNMENT_REJECTED
FUTURES,LONG_SHORT,NO_MINIMUM_DEPTH,DEVELOPMENT,price_long_ema_side,638,638,0,100,3.662456946039035591274397245,PRICE_CROSSED_LONG_EMA
FUTURES,LONG_SHORT,NO_MINIMUM_DEPTH,DEVELOPMENT,trend_persistence,638,425,213,66.61442006269592476489028213,2.439724454649827784156142365,TREND_PERSISTENCE_TOO_SHORT
FUTURES,LONG_SHORT,NO_MINIMUM_DEPTH,DEVELOPMENT,pullback_started,425,27,398,6.352941176470588235294117647,0.1549942594718714121699196326,NO_PULLBACK
FUTURES,LONG_SHORT,NO_MINIMUM_DEPTH,DEVELOPMENT,pullback_age_valid,27,26,1,96.29629629629629629629629630,0.1492537313432835820895522388,PULLBACK_TOO_OLD
FUTURES,LONG_SHORT,NO_MINIMUM_DEPTH,DEVELOPMENT,pullback_depth_min,26,26,0,100,0.1492537313432835820895522388,PULLBACK_TOO_SHALLOW
FUTURES,LONG_SHORT,NO_MINIMUM_DEPTH,DEVELOPMENT,pullback_depth_max,26,26,0,100,0.1492537313432835820895522388,PULLBACK_TOO_DEEP
FUTURES,LONG_SHORT,NO_MINIMUM_DEPTH,DEVELOPMENT,long_ema_not_crossed,26,26,0,100,0.1492537313432835820895522388,PRICE_CROSSED_LONG_EMA
FUTURES,LONG_SHORT,NO_MINIMUM_DEPTH,DEVELOPMENT,resumption_cross,26,1,25,3.846153846153846153846153846,0.005740528128587830080367393800,RESUMPTION_NOT_CONFIRMED
FUTURES,LONG_SHORT,NO_MINIMUM_DEPTH,DEVELOPMENT,directional_close_confirmation,1,1,0,100,0.005740528128587830080367393800,DIRECTIONAL_CLOSE_REJECTED
FUTURES,LONG_SHORT,NO_MINIMUM_DEPTH,DEVELOPMENT,entry_extension_valid,1,0,1,0,0,PRICE_OVEREXTENDED
FUTURES,LONG_SHORT,NO_MINIMUM_DEPTH,DEVELOPMENT,volume_valid,0,0,0,0,0,VOLUME_REJECTED
FUTURES,LONG_SHORT,NO_MINIMUM_DEPTH,DEVELOPMENT,volatility_valid,0,0,0,0,0,VOLATILITY_REJECTED
FUTURES,LONG_SHORT,NO_MINIMUM_DEPTH,DEVELOPMENT,signal_created,0,0,0,0,0,
FUTURES,LONG_SHORT,NO_MINIMUM_DEPTH,DEVELOPMENT,risk_approved,0,0,0,0,0,
FUTURES,LONG_SHORT,NO_MINIMUM_DEPTH,DEVELOPMENT,order_executed,0,0,0,0,0,
FUTURES,LONG_SHORT,NO_MINIMUM_DEPTH,DEVELOPMENT,trade_closed,0,0,0,0,0,
FUTURES,LONG_SHORT,VOLUME_RELAXED,DEVELOPMENT,evaluated_candles,17420,17420,0,100,100,
FUTURES,LONG_SHORT,VOLUME_RELAXED,DEVELOPMENT,regime_matched,17420,638,16782,3.662456946039035591274397245,3.662456946039035591274397245,REGIME_AFTER_PULLBACK_REJECTED
FUTURES,LONG_SHORT,VOLUME_RELAXED,DEVELOPMENT,ema_alignment,638,638,0,100,3.662456946039035591274397245,EMA_ALIGNMENT_REJECTED
FUTURES,LONG_SHORT,VOLUME_RELAXED,DEVELOPMENT,price_long_ema_side,638,638,0,100,3.662456946039035591274397245,PRICE_CROSSED_LONG_EMA
FUTURES,LONG_SHORT,VOLUME_RELAXED,DEVELOPMENT,trend_persistence,638,425,213,66.61442006269592476489028213,2.439724454649827784156142365,TREND_PERSISTENCE_TOO_SHORT
FUTURES,LONG_SHORT,VOLUME_RELAXED,DEVELOPMENT,pullback_started,425,27,398,6.352941176470588235294117647,0.1549942594718714121699196326,NO_PULLBACK
FUTURES,LONG_SHORT,VOLUME_RELAXED,DEVELOPMENT,pullback_age_valid,27,25,2,92.59259259259259259259259259,0.1435132032146957520091848450,PULLBACK_TOO_OLD
FUTURES,LONG_SHORT,VOLUME_RELAXED,DEVELOPMENT,pullback_depth_min,25,25,0,100,0.1435132032146957520091848450,PULLBACK_TOO_SHALLOW
FUTURES,LONG_SHORT,VOLUME_RELAXED,DEVELOPMENT,pullback_depth_max,25,25,0,100,0.1435132032146957520091848450,PULLBACK_TOO_DEEP
FUTURES,LONG_SHORT,VOLUME_RELAXED,DEVELOPMENT,long_ema_not_crossed,25,25,0,100,0.1435132032146957520091848450,PRICE_CROSSED_LONG_EMA
FUTURES,LONG_SHORT,VOLUME_RELAXED,DEVELOPMENT,resumption_cross,25,1,24,4.00,0.005740528128587830080367393800,RESUMPTION_NOT_CONFIRMED
FUTURES,LONG_SHORT,VOLUME_RELAXED,DEVELOPMENT,directional_close_confirmation,1,1,0,100,0.005740528128587830080367393800,DIRECTIONAL_CLOSE_REJECTED
FUTURES,LONG_SHORT,VOLUME_RELAXED,DEVELOPMENT,entry_extension_valid,1,0,1,0,0,PRICE_OVEREXTENDED
FUTURES,LONG_SHORT,VOLUME_RELAXED,DEVELOPMENT,volume_valid,0,0,0,0,0,VOLUME_REJECTED
FUTURES,LONG_SHORT,VOLUME_RELAXED,DEVELOPMENT,volatility_valid,0,0,0,0,0,VOLATILITY_REJECTED
FUTURES,LONG_SHORT,VOLUME_RELAXED,DEVELOPMENT,signal_created,0,0,0,0,0,
FUTURES,LONG_SHORT,VOLUME_RELAXED,DEVELOPMENT,risk_approved,0,0,0,0,0,
FUTURES,LONG_SHORT,VOLUME_RELAXED,DEVELOPMENT,order_executed,0,0,0,0,0,
FUTURES,LONG_SHORT,VOLUME_RELAXED,DEVELOPMENT,trade_closed,0,0,0,0,0,
FUTURES,LONG_SHORT,VOLATILITY_RELAXED,DEVELOPMENT,evaluated_candles,17420,17420,0,100,100,
FUTURES,LONG_SHORT,VOLATILITY_RELAXED,DEVELOPMENT,regime_matched,17420,638,16782,3.662456946039035591274397245,3.662456946039035591274397245,REGIME_AFTER_PULLBACK_REJECTED
FUTURES,LONG_SHORT,VOLATILITY_RELAXED,DEVELOPMENT,ema_alignment,638,638,0,100,3.662456946039035591274397245,EMA_ALIGNMENT_REJECTED
FUTURES,LONG_SHORT,VOLATILITY_RELAXED,DEVELOPMENT,price_long_ema_side,638,638,0,100,3.662456946039035591274397245,PRICE_CROSSED_LONG_EMA
FUTURES,LONG_SHORT,VOLATILITY_RELAXED,DEVELOPMENT,trend_persistence,638,425,213,66.61442006269592476489028213,2.439724454649827784156142365,TREND_PERSISTENCE_TOO_SHORT
FUTURES,LONG_SHORT,VOLATILITY_RELAXED,DEVELOPMENT,pullback_started,425,27,398,6.352941176470588235294117647,0.1549942594718714121699196326,NO_PULLBACK
FUTURES,LONG_SHORT,VOLATILITY_RELAXED,DEVELOPMENT,pullback_age_valid,27,25,2,92.59259259259259259259259259,0.1435132032146957520091848450,PULLBACK_TOO_OLD
FUTURES,LONG_SHORT,VOLATILITY_RELAXED,DEVELOPMENT,pullback_depth_min,25,25,0,100,0.1435132032146957520091848450,PULLBACK_TOO_SHALLOW
FUTURES,LONG_SHORT,VOLATILITY_RELAXED,DEVELOPMENT,pullback_depth_max,25,25,0,100,0.1435132032146957520091848450,PULLBACK_TOO_DEEP
FUTURES,LONG_SHORT,VOLATILITY_RELAXED,DEVELOPMENT,long_ema_not_crossed,25,25,0,100,0.1435132032146957520091848450,PRICE_CROSSED_LONG_EMA
FUTURES,LONG_SHORT,VOLATILITY_RELAXED,DEVELOPMENT,resumption_cross,25,1,24,4.00,0.005740528128587830080367393800,RESUMPTION_NOT_CONFIRMED
FUTURES,LONG_SHORT,VOLATILITY_RELAXED,DEVELOPMENT,directional_close_confirmation,1,1,0,100,0.005740528128587830080367393800,DIRECTIONAL_CLOSE_REJECTED
FUTURES,LONG_SHORT,VOLATILITY_RELAXED,DEVELOPMENT,entry_extension_valid,1,0,1,0,0,PRICE_OVEREXTENDED
FUTURES,LONG_SHORT,VOLATILITY_RELAXED,DEVELOPMENT,volume_valid,0,0,0,0,0,VOLUME_REJECTED
FUTURES,LONG_SHORT,VOLATILITY_RELAXED,DEVELOPMENT,volatility_valid,0,0,0,0,0,VOLATILITY_REJECTED
FUTURES,LONG_SHORT,VOLATILITY_RELAXED,DEVELOPMENT,signal_created,0,0,0,0,0,
FUTURES,LONG_SHORT,VOLATILITY_RELAXED,DEVELOPMENT,risk_approved,0,0,0,0,0,
FUTURES,LONG_SHORT,VOLATILITY_RELAXED,DEVELOPMENT,order_executed,0,0,0,0,0,
FUTURES,LONG_SHORT,VOLATILITY_RELAXED,DEVELOPMENT,trade_closed,0,0,0,0,0,
FUTURES,LONG_SHORT,PERSISTENCE_2,DEVELOPMENT,evaluated_candles,17420,17420,0,100,100,
FUTURES,LONG_SHORT,PERSISTENCE_2,DEVELOPMENT,regime_matched,17420,638,16782,3.662456946039035591274397245,3.662456946039035591274397245,REGIME_AFTER_PULLBACK_REJECTED
FUTURES,LONG_SHORT,PERSISTENCE_2,DEVELOPMENT,ema_alignment,638,638,0,100,3.662456946039035591274397245,EMA_ALIGNMENT_REJECTED
FUTURES,LONG_SHORT,PERSISTENCE_2,DEVELOPMENT,price_long_ema_side,638,638,0,100,3.662456946039035591274397245,PRICE_CROSSED_LONG_EMA
FUTURES,LONG_SHORT,PERSISTENCE_2,DEVELOPMENT,trend_persistence,638,524,114,82.13166144200626959247648903,3.008036739380022962112514351,TREND_PERSISTENCE_TOO_SHORT
FUTURES,LONG_SHORT,PERSISTENCE_2,DEVELOPMENT,pullback_started,524,30,494,5.725190839694656488549618321,0.1722158438576349024110218140,NO_PULLBACK
FUTURES,LONG_SHORT,PERSISTENCE_2,DEVELOPMENT,pullback_age_valid,30,27,3,90.0,0.1549942594718714121699196326,PULLBACK_TOO_OLD
FUTURES,LONG_SHORT,PERSISTENCE_2,DEVELOPMENT,pullback_depth_min,27,27,0,100,0.1549942594718714121699196326,PULLBACK_TOO_SHALLOW
FUTURES,LONG_SHORT,PERSISTENCE_2,DEVELOPMENT,pullback_depth_max,27,27,0,100,0.1549942594718714121699196326,PULLBACK_TOO_DEEP
FUTURES,LONG_SHORT,PERSISTENCE_2,DEVELOPMENT,long_ema_not_crossed,27,27,0,100,0.1549942594718714121699196326,PRICE_CROSSED_LONG_EMA
FUTURES,LONG_SHORT,PERSISTENCE_2,DEVELOPMENT,resumption_cross,27,2,25,7.407407407407407407407407407,0.01148105625717566016073478760,RESUMPTION_NOT_CONFIRMED
FUTURES,LONG_SHORT,PERSISTENCE_2,DEVELOPMENT,directional_close_confirmation,2,2,0,100,0.01148105625717566016073478760,DIRECTIONAL_CLOSE_REJECTED
FUTURES,LONG_SHORT,PERSISTENCE_2,DEVELOPMENT,entry_extension_valid,2,0,2,0,0,PRICE_OVEREXTENDED
FUTURES,LONG_SHORT,PERSISTENCE_2,DEVELOPMENT,volume_valid,0,0,0,0,0,VOLUME_REJECTED
FUTURES,LONG_SHORT,PERSISTENCE_2,DEVELOPMENT,volatility_valid,0,0,0,0,0,VOLATILITY_REJECTED
FUTURES,LONG_SHORT,PERSISTENCE_2,DEVELOPMENT,signal_created,0,0,0,0,0,
FUTURES,LONG_SHORT,PERSISTENCE_2,DEVELOPMENT,risk_approved,0,0,0,0,0,
FUTURES,LONG_SHORT,PERSISTENCE_2,DEVELOPMENT,order_executed,0,0,0,0,0,
FUTURES,LONG_SHORT,PERSISTENCE_2,DEVELOPMENT,trade_closed,0,0,0,0,0,
FUTURES,LONG_SHORT,DIRECTIONAL_CLOSE_RELAXED,DEVELOPMENT,evaluated_candles,17420,17420,0,100,100,
FUTURES,LONG_SHORT,DIRECTIONAL_CLOSE_RELAXED,DEVELOPMENT,regime_matched,17420,638,16782,3.662456946039035591274397245,3.662456946039035591274397245,REGIME_AFTER_PULLBACK_REJECTED
FUTURES,LONG_SHORT,DIRECTIONAL_CLOSE_RELAXED,DEVELOPMENT,ema_alignment,638,638,0,100,3.662456946039035591274397245,EMA_ALIGNMENT_REJECTED
FUTURES,LONG_SHORT,DIRECTIONAL_CLOSE_RELAXED,DEVELOPMENT,price_long_ema_side,638,638,0,100,3.662456946039035591274397245,PRICE_CROSSED_LONG_EMA
FUTURES,LONG_SHORT,DIRECTIONAL_CLOSE_RELAXED,DEVELOPMENT,trend_persistence,638,425,213,66.61442006269592476489028213,2.439724454649827784156142365,TREND_PERSISTENCE_TOO_SHORT
FUTURES,LONG_SHORT,DIRECTIONAL_CLOSE_RELAXED,DEVELOPMENT,pullback_started,425,27,398,6.352941176470588235294117647,0.1549942594718714121699196326,NO_PULLBACK
FUTURES,LONG_SHORT,DIRECTIONAL_CLOSE_RELAXED,DEVELOPMENT,pullback_age_valid,27,25,2,92.59259259259259259259259259,0.1435132032146957520091848450,PULLBACK_TOO_OLD
FUTURES,LONG_SHORT,DIRECTIONAL_CLOSE_RELAXED,DEVELOPMENT,pullback_depth_min,25,25,0,100,0.1435132032146957520091848450,PULLBACK_TOO_SHALLOW
FUTURES,LONG_SHORT,DIRECTIONAL_CLOSE_RELAXED,DEVELOPMENT,pullback_depth_max,25,25,0,100,0.1435132032146957520091848450,PULLBACK_TOO_DEEP
FUTURES,LONG_SHORT,DIRECTIONAL_CLOSE_RELAXED,DEVELOPMENT,long_ema_not_crossed,25,25,0,100,0.1435132032146957520091848450,PRICE_CROSSED_LONG_EMA
FUTURES,LONG_SHORT,DIRECTIONAL_CLOSE_RELAXED,DEVELOPMENT,resumption_cross,25,1,24,4.00,0.005740528128587830080367393800,RESUMPTION_NOT_CONFIRMED
FUTURES,LONG_SHORT,DIRECTIONAL_CLOSE_RELAXED,DEVELOPMENT,directional_close_confirmation,1,1,0,100,0.005740528128587830080367393800,DIRECTIONAL_CLOSE_REJECTED
FUTURES,LONG_SHORT,DIRECTIONAL_CLOSE_RELAXED,DEVELOPMENT,entry_extension_valid,1,0,1,0,0,PRICE_OVEREXTENDED
FUTURES,LONG_SHORT,DIRECTIONAL_CLOSE_RELAXED,DEVELOPMENT,volume_valid,0,0,0,0,0,VOLUME_REJECTED
FUTURES,LONG_SHORT,DIRECTIONAL_CLOSE_RELAXED,DEVELOPMENT,volatility_valid,0,0,0,0,0,VOLATILITY_REJECTED
FUTURES,LONG_SHORT,DIRECTIONAL_CLOSE_RELAXED,DEVELOPMENT,signal_created,0,0,0,0,0,
FUTURES,LONG_SHORT,DIRECTIONAL_CLOSE_RELAXED,DEVELOPMENT,risk_approved,0,0,0,0,0,
FUTURES,LONG_SHORT,DIRECTIONAL_CLOSE_RELAXED,DEVELOPMENT,order_executed,0,0,0,0,0,
FUTURES,LONG_SHORT,DIRECTIONAL_CLOSE_RELAXED,DEVELOPMENT,trade_closed,0,0,0,0,0,
