timestamp,market,mode,variant_id,period,side,signal_created,first_failure_code,declaration,return_after_1_candles_percent,return_after_3_candles_percent,return_after_6_candles_percent,return_after_12_candles_percent,return_after_24_candles_percent,mfe_percent,mae_percent
2022-07-20T02:59:59.999000+00:00,SPOT,LONG,CALIBRATION_BASE,DEVELOPMENT,LONG,False,PRICE_OVEREXTENDED,POST_EVENT_ONLY_NO_STRATEGY_ACCESS,0.999178668667179729284019000,1.433126168133637721743291900,-0.8976440078382171289619536000,3.851849935651600302663829700,-3.720566265917336558298356690,4.794117456847769147690894900,-4.012235896706267340115245070
2022-07-20T02:59:59.999000+00:00,SPOT,LONG,EXTENSION_1_5,DEVELOPMENT,LONG,False,VOLUME_REJECTED,POST_EVENT_ONLY_NO_STRATEGY_ACCESS,0.999178668667179729284019000,1.433126168133637721743291900,-0.8976440078382171289619536000,3.851849935651600302663829700,-3.720566265917336558298356690,4.794117456847769147690894900,-4.012235896706267340115245070
2022-07-20T03:59:59.999000+00:00,SPOT,LONG,EXTENSION_1_5,DEVELOPMENT,LONG,False,PRICE_OVEREXTENDED,POST_EVENT_ONLY_NO_STRATEGY_ACCESS,0.025612785902722639141459400,0.530824987833926696206746400,-0.7203596035140742258535460900,2.228952693184437671285505700,-4.722997720462054657685116410,3.757395691929411162052096400,-5.089900878518556463386522550
2022-07-20T02:59:59.999000+00:00,SPOT,LONG,EXTENSION_2_0,DEVELOPMENT,LONG,False,VOLUME_REJECTED,POST_EVENT_ONLY_NO_STRATEGY_ACCESS,0.999178668667179729284019000,1.433126168133637721743291900,-0.8976440078382171289619536000,3.851849935651600302663829700,-3.720566265917336558298356690,4.794117456847769147690894900,-4.012235896706267340115245070
2022-07-20T03:59:59.999000+00:00,SPOT,LONG,EXTENSION_2_0,DEVELOPMENT,LONG,False,VOLUME_REJECTED,POST_EVENT_ONLY_NO_STRATEGY_ACCESS,0.025612785902722639141459400,0.530824987833926696206746400,-0.7203596035140742258535460900,2.228952693184437671285505700,-4.722997720462054657685116410,3.757395691929411162052096400,-5.089900878518556463386522550
2022-07-20T04:59:59.999000+00:00,SPOT,LONG,EXTENSION_2_0,DEVELOPMENT,LONG,False,VOLUME_REJECTED,POST_EVENT_ONLY_NO_STRATEGY_ACCESS,0.403938237779427956879113000,-1.988323560289862494558676670,1.956315775996722402888382500,-0.2701456994341023736972831800,-4.922797224284946098891250350,3.730827337208409085089493800,-6.309374439863774870048395770
2022-07-20T05:59:59.999000+00:00,SPOT,LONG,EXTENSION_2_0,DEVELOPMENT,LONG,False,PRICE_OVEREXTENDED,POST_EVENT_ONLY_NO_STRATEGY_ACCESS,0.100737680355514750419209000,-2.297839240514399750068539880,2.198376720669714300287548700,-1.469622488730768985546055610,-4.867287669835440536077478750,3.313504587389937708409046000,-6.686304138533437896495221340
2022-07-20T02:59:59.999000+00:00,SPOT,LONG,NO_MINIMUM_DEPTH,DEVELOPMENT,LONG,False,PRICE_OVEREXTENDED,POST_EVENT_ONLY_NO_STRATEGY_ACCESS,0.999178668667179729284019000,1.433126168133637721743291900,-0.8976440078382171289619536000,3.851849935651600302663829700,-3.720566265917336558298356690,4.794117456847769147690894900,-4.012235896706267340115245070
2022-07-20T02:59:59.999000+00:00,SPOT,LONG,VOLUME_RELAXED,DEVELOPMENT,LONG,False,PRICE_OVEREXTENDED,POST_EVENT_ONLY_NO_STRATEGY_ACCESS,0.999178668667179729284019000,1.433126168133637721743291900,-0.8976440078382171289619536000,3.851849935651600302663829700,-3.720566265917336558298356690,4.794117456847769147690894900,-4.012235896706267340115245070
2022-07-20T02:59:59.999000+00:00,SPOT,LONG,PERSISTENCE_2,DEVELOPMENT,LONG,False,PRICE_OVEREXTENDED,POST_EVENT_ONLY_NO_STRATEGY_ACCESS,0.999178668667179729284019000,1.433126168133637721743291900,-0.8976440078382171289619536000,3.851849935651600302663829700,-3.720566265917336558298356690,4.794117456847769147690894900,-4.012235896706267340115245070
2022-07-20T02:59:59.999000+00:00,SPOT,LONG,DIRECTIONAL_CLOSE_RELAXED,DEVELOPMENT,LONG,False,PRICE_OVEREXTENDED,POST_EVENT_ONLY_NO_STRATEGY_ACCESS,0.999178668667179729284019000,1.433126168133637721743291900,-0.8976440078382171289619536000,3.851849935651600302663829700,-3.720566265917336558298356690,4.794117456847769147690894900,-4.012235896706267340115245070
2022-07-20T02:59:59.999000+00:00,FUTURES,LONG,CALIBRATION_BASE,DEVELOPMENT,LONG,False,PRICE_OVEREXTENDED,POST_EVENT_ONLY_NO_STRATEGY_ACCESS,1.023142036188553234449017600,1.438611477828686805933058900,-0.8833579249825269860992467200,3.855064585436566488053635700,-3.676451554451088504051150630,4.838083404519686262328182000,-4.416142476249644068235355030
2022-07-20T02:59:59.999000+00:00,FUTURES,LONG,EXTENSION_1_5,DEVELOPMENT,LONG,False,VOLUME_REJECTED,POST_EVENT_ONLY_NO_STRATEGY_ACCESS,1.023142036188553234449017600,1.438611477828686805933058900,-0.8833579249825269860992467200,3.855064585436566488053635700,-3.676451554451088504051150630,4.838083404519686262328182000,-4.416142476249644068235355030
2022-07-20T03:59:59.999000+00:00,FUTURES,LONG,EXTENSION_1_5,DEVELOPMENT,LONG,False,PRICE_OVEREXTENDED,POST_EVENT_ONLY_NO_STRATEGY_ACCESS,0.016655456263412446750584500,0.497101310015694564555907900,-0.7405272092501841709106050400,2.227987572467249607635886100,-4.702604016527337369078504850,3.776304410492937445949841500,-5.384196534383908266871656900
2022-07-20T02:59:59.999000+00:00,FUTURES,LONG,EXTENSION_2_0,DEVELOPMENT,LONG,False,VOLUME_REJECTED,POST_EVENT_ONLY_NO_STRATEGY_ACCESS,1.023142036188553234449017600,1.438611477828686805933058900,-0.8833579249825269860992467200,3.855064585436566488053635700,-3.676451554451088504051150630,4.838083404519686262328182000,-4.416142476249644068235355030
2022-07-20T03:59:59.999000+00:00,FUTURES,LONG,EXTENSION_2_0,DEVELOPMENT,LONG,False,VOLUME_REJECTED,POST_EVENT_ONLY_NO_STRATEGY_ACCESS,0.016655456263412446750584500,0.497101310015694564555907900,-0.7405272092501841709106050400,2.227987572467249607635886100,-4.702604016527337369078504850,3.776304410492937445949841500,-5.384196534383908266871656900
2022-07-20T04:59:59.999000+00:00,FUTURES,LONG,EXTENSION_2_0,DEVELOPMENT,LONG,False,VOLUME_REJECTED,POST_EVENT_ONLY_NO_STRATEGY_ACCESS,0.394540482031114897105635700,-1.989355092838705958457961580,1.989995580634211015109107100,-0.2497902402469720939467498400,-4.898450660022673267960879010,3.759022871819177485573012400,-6.341469663295565902991718490
2022-07-20T05:59:59.999000+00:00,FUTURES,LONG,EXTENSION_2_0,DEVELOPMENT,LONG,False,PRICE_OVEREXTENDED,POST_EVENT_ONLY_NO_STRATEGY_ACCESS,0.085488079516673365359464600,-2.289039024670328618729545060,2.243105131198683228387146200,-1.436072141731580189732498870,-4.843473878287941714992950420,3.351260311202128270397519600,-6.709538300573535697652905640
2022-07-20T02:59:59.999000+00:00,FUTURES,LONG,NO_MINIMUM_DEPTH,DEVELOPMENT,LONG,False,PRICE_OVEREXTENDED,POST_EVENT_ONLY_NO_STRATEGY_ACCESS,1.023142036188553234449017600,1.438611477828686805933058900,-0.8833579249825269860992467200,3.855064585436566488053635700,-3.676451554451088504051150630,4.838083404519686262328182000,-4.416142476249644068235355030
2022-07-20T02:59:59.999000+00:00,FUTURES,LONG,VOLUME_RELAXED,DEVELOPMENT,LONG,False,PRICE_OVEREXTENDED,POST_EVENT_ONLY_NO_STRATEGY_ACCESS,1.023142036188553234449017600,1.438611477828686805933058900,-0.8833579249825269860992467200,3.855064585436566488053635700,-3.676451554451088504051150630,4.838083404519686262328182000,-4.416142476249644068235355030
2022-07-20T02:59:59.999000+00:00,FUTURES,LONG,VOLATILITY_RELAXED,DEVELOPMENT,LONG,False,PRICE_OVEREXTENDED,POST_EVENT_ONLY_NO_STRATEGY_ACCESS,1.023142036188553234449017600,1.438611477828686805933058900,-0.8833579249825269860992467200,3.855064585436566488053635700,-3.676451554451088504051150630,4.838083404519686262328182000,-4.416142476249644068235355030
2022-07-20T02:59:59.999000+00:00,FUTURES,LONG,PERSISTENCE_2,DEVELOPMENT,LONG,False,PRICE_OVEREXTENDED,POST_EVENT_ONLY_NO_STRATEGY_ACCESS,1.023142036188553234449017600,1.438611477828686805933058900,-0.8833579249825269860992467200,3.855064585436566488053635700,-3.676451554451088504051150630,4.838083404519686262328182000,-4.416142476249644068235355030
2022-07-20T02:59:59.999000+00:00,FUTURES,LONG,DIRECTIONAL_CLOSE_RELAXED,DEVELOPMENT,LONG,False,PRICE_OVEREXTENDED,POST_EVENT_ONLY_NO_STRATEGY_ACCESS,1.023142036188553234449017600,1.438611477828686805933058900,-0.8833579249825269860992467200,3.855064585436566488053635700,-3.676451554451088504051150630,4.838083404519686262328182000,-4.416142476249644068235355030
2022-05-28T09:59:59.999000+00:00,FUTURES,SHORT,CALIBRATION_BASE,DEVELOPMENT,SHORT,False,PRICE_OVEREXTENDED,POST_EVENT_ONLY_NO_STRATEGY_ACCESS,-0.254505081561192245281407500,-1.684174566572721837902468200,-2.152190622598001537279016100,-1.540125829134284168872946700,-1.290175648361659122612235600,0.3359239331568309277763543700,-3.016483047228627551456144800
2022-06-14T08:59:59.999000+00:00,FUTURES,SHORT,CALIBRATION_BASE,DEVELOPMENT,SHORT,False,PRICE_OVEREXTENDED,POST_EVENT_ONLY_NO_STRATEGY_ACCESS,2.308039561702302294086264210,3.614724832765625641236098000,-0.299585504986251898058850100,2.448393318832847703861780280,15.54561497106742725817704272,16.11523782164402675749989740,-4.149054048508228341609553900
2022-06-15T02:59:59.999000+00:00,FUTURES,SHORT,CALIBRATION_BASE,DEVELOPMENT,SHORT,False,PRICE_OVEREXTENDED,POST_EVENT_ONLY_NO_STRATEGY_ACCESS,2.617961943205508351398267430,6.748394920223589896926054200,14.53832673028845754532844957,8.138771916710271679997342170,-1.188548077641840879077068700,15.91126172144286912681999020,-4.426947067666674972383491600
2022-05-28T09:59:59.999000+00:00,FUTURES,SHORT,EXTENSION_1_5,DEVELOPMENT,SHORT,False,VOLUME_REJECTED,POST_EVENT_ONLY_NO_STRATEGY_ACCESS,-0.254505081561192245281407500,-1.684174566572721837902468200,-2.152190622598001537279016100,-1.540125829134284168872946700,-1.290175648361659122612235600,0.3359239331568309277763543700,-3.016483047228627551456144800
2022-06-14T08:59:59.999000+00:00,FUTURES,SHORT,EXTENSION_1_5,DEVELOPMENT,SHORT,False,PRICE_OVEREXTENDED,POST_EVENT_ONLY_NO_STRATEGY_ACCESS,2.308039561702302294086264210,3.614724832765625641236098000,-0.299585504986251898058850100,2.448393318832847703861780280,15.54561497106742725817704272,16.11523782164402675749989740,-4.149054048508228341609553900
2022-06-15T02:59:59.999000+00:00,FUTURES,SHORT,EXTENSION_1_5,DEVELOPMENT,SHORT,False,VOLUME_REJECTED,POST_EVENT_ONLY_NO_STRATEGY_ACCESS,2.617961943205508351398267430,6.748394920223589896926054200,14.53832673028845754532844957,8.138771916710271679997342170,-1.188548077641840879077068700,15.91126172144286912681999020,-4.426947067666674972383491600
2022-06-15T03:59:59.999000+00:00,FUTURES,SHORT,EXTENSION_1_5,DEVELOPMENT,SHORT,False,PRICE_OVEREXTENDED,POST_EVENT_ONLY_NO_STRATEGY_ACCESS,3.059353331002072547698448570,3.170230368367634139892705140,12.09668477658276970839339173,4.511842520490929405443209630,-3.137820157445393059097460900,13.65066910027548679283904919,-7.234300237959180192243724800
2022-05-28T09:59:59.999000+00:00,FUTURES,SHORT,EXTENSION_2_0,DEVELOPMENT,SHORT,False,VOLUME_REJECTED,POST_EVENT_ONLY_NO_STRATEGY_ACCESS,-0.254505081561192245281407500,-1.684174566572721837902468200,-2.152190622598001537279016100,-1.540125829134284168872946700,-1.290175648361659122612235600,0.3359239331568309277763543700,-3.016483047228627551456144800
2022-06-14T08:59:59.999000+00:00,FUTURES,SHORT,EXTENSION_2_0,DEVELOPMENT,SHORT,False,VOLUME_REJECTED,POST_EVENT_ONLY_NO_STRATEGY_ACCESS,2.308039561702302294086264210,3.614724832765625641236098000,-0.299585504986251898058850100,2.448393318832847703861780280,15.54561497106742725817704272,16.11523782164402675749989740,-4.149054048508228341609553900
2022-06-14T09:59:59.999000+00:00,FUTURES,SHORT,EXTENSION_2_0,DEVELOPMENT,SHORT,False,PRICE_OVEREXTENDED,POST_EVENT_ONLY_NO_STRATEGY_ACCESS,0.4310091326886400107542239700,-0.587281449803819429858094700,-5.022558665131949287112574900,1.823177033010426556211824610,13.40833284323198037354124833,14.93912941196239382304260521,-6.609646874973744570377154000
2022-06-15T02:59:59.999000+00:00,FUTURES,SHORT,EXTENSION_2_0,DEVELOPMENT,SHORT,False,VOLUME_REJECTED,POST_EVENT_ONLY_NO_STRATEGY_ACCESS,2.617961943205508351398267430,6.748394920223589896926054200,14.53832673028845754532844957,8.138771916710271679997342170,-1.188548077641840879077068700,15.91126172144286912681999020,-4.426947067666674972383491600
2022-06-15T03:59:59.999000+00:00,FUTURES,SHORT,EXTENSION_2_0,DEVELOPMENT,SHORT,False,PRICE_OVEREXTENDED,POST_EVENT_ONLY_NO_STRATEGY_ACCESS,3.059353331002072547698448570,3.170230368367634139892705140,12.09668477658276970839339173,4.511842520490929405443209630,-3.137820157445393059097460900,13.65066910027548679283904919,-7.234300237959180192243724800
2022-05-28T09:59:59.999000+00:00,FUTURES,SHORT,NO_MINIMUM_DEPTH,DEVELOPMENT,SHORT,False,PRICE_OVEREXTENDED,POST_EVENT_ONLY_NO_STRATEGY_ACCESS,-0.254505081561192245281407500,-1.684174566572721837902468200,-2.152190622598001537279016100,-1.540125829134284168872946700,-1.290175648361659122612235600,0.3359239331568309277763543700,-3.016483047228627551456144800
2022-06-14T08:59:59.999000+00:00,FUTURES,SHORT,NO_MINIMUM_DEPTH,DEVELOPMENT,SHORT,False,PRICE_OVEREXTENDED,POST_EVENT_ONLY_NO_STRATEGY_ACCESS,2.308039561702302294086264210,3.614724832765625641236098000,-0.299585504986251898058850100,2.448393318832847703861780280,15.54561497106742725817704272,16.11523782164402675749989740,-4.149054048508228341609553900
2022-06-15T02:59:59.999000+00:00,FUTURES,SHORT,NO_MINIMUM_DEPTH,DEVELOPMENT,SHORT,False,PRICE_OVEREXTENDED,POST_EVENT_ONLY_NO_STRATEGY_ACCESS,2.617961943205508351398267430,6.748394920223589896926054200,14.53832673028845754532844957,8.138771916710271679997342170,-1.188548077641840879077068700,15.91126172144286912681999020,-4.426947067666674972383491600
2022-06-15T14:59:59.999000+00:00,FUTURES,SHORT,NO_MINIMUM_DEPTH,DEVELOPMENT,SHORT,False,PRICE_OVEREXTENDED,POST_EVENT_ONLY_NO_STRATEGY_ACCESS,-1.226943942133815551537070500,-0.705244122965641952983725100,-6.637432188065099457504520800,-10.15370705244122965641952980,0.6871609403254972875226039800,5.733273056057866184448462930,-13.67902350813743218806509950
2022-05-28T09:59:59.999000+00:00,FUTURES,SHORT,VOLUME_RELAXED,DEVELOPMENT,SHORT,False,PRICE_OVEREXTENDED,POST_EVENT_ONLY_NO_STRATEGY_ACCESS,-0.254505081561192245281407500,-1.684174566572721837902468200,-2.152190622598001537279016100,-1.540125829134284168872946700,-1.290175648361659122612235600,0.3359239331568309277763543700,-3.016483047228627551456144800
2022-06-14T08:59:59.999000+00:00,FUTURES,SHORT,VOLUME_RELAXED,DEVELOPMENT,SHORT,False,PRICE_OVEREXTENDED,POST_EVENT_ONLY_NO_STRATEGY_ACCESS,2.308039561702302294086264210,3.614724832765625641236098000,-0.299585504986251898058850100,2.448393318832847703861780280,15.54561497106742725817704272,16.11523782164402675749989740,-4.149054048508228341609553900
2022-06-15T02:59:59.999000+00:00,FUTURES,SHORT,VOLUME_RELAXED,DEVELOPMENT,SHORT,False,PRICE_OVEREXTENDED,POST_EVENT_ONLY_NO_STRATEGY_ACCESS,2.617961943205508351398267430,6.748394920223589896926054200,14.53832673028845754532844957,8.138771916710271679997342170,-1.188548077641840879077068700,15.91126172144286912681999020,-4.426947067666674972383491600
2022-05-28T09:59:59.999000+00:00,FUTURES,SHORT,VOLATILITY_RELAXED,DEVELOPMENT,SHORT,False,PRICE_OVEREXTENDED,POST_EVENT_ONLY_NO_STRATEGY_ACCESS,-0.254505081561192245281407500,-1.684174566572721837902468200,-2.152190622598001537279016100,-1.540125829134284168872946700,-1.290175648361659122612235600,0.3359239331568309277763543700,-3.016483047228627551456144800
2022-06-14T08:59:59.999000+00:00,FUTURES,SHORT,VOLATILITY_RELAXED,DEVELOPMENT,SHORT,False,PRICE_OVEREXTENDED,POST_EVENT_ONLY_NO_STRATEGY_ACCESS,2.308039561702302294086264210,3.614724832765625641236098000,-0.299585504986251898058850100,2.448393318832847703861780280,15.54561497106742725817704272,16.11523782164402675749989740,-4.149054048508228341609553900
2022-06-15T02:59:59.999000+00:00,FUTURES,SHORT,VOLATILITY_RELAXED,DEVELOPMENT,SHORT,False,PRICE_OVEREXTENDED,POST_EVENT_ONLY_NO_STRATEGY_ACCESS,2.617961943205508351398267430,6.748394920223589896926054200,14.53832673028845754532844957,8.138771916710271679997342170,-1.188548077641840879077068700,15.91126172144286912681999020,-4.426947067666674972383491600
2022-05-28T09:59:59.999000+00:00,FUTURES,SHORT,PERSISTENCE_2,DEVELOPMENT,SHORT,False,PRICE_OVEREXTENDED,POST_EVENT_ONLY_NO_STRATEGY_ACCESS,-0.254505081561192245281407500,-1.684174566572721837902468200,-2.152190622598001537279016100,-1.540125829134284168872946700,-1.290175648361659122612235600,0.3359239331568309277763543700,-3.016483047228627551456144800
2022-06-14T08:59:59.999000+00:00,FUTURES,SHORT,PERSISTENCE_2,DEVELOPMENT,SHORT,False,PRICE_OVEREXTENDED,POST_EVENT_ONLY_NO_STRATEGY_ACCESS,2.308039561702302294086264210,3.614724832765625641236098000,-0.299585504986251898058850100,2.448393318832847703861780280,15.54561497106742725817704272,16.11523782164402675749989740,-4.149054048508228341609553900
2022-06-15T00:59:59.999000+00:00,FUTURES,SHORT,PERSISTENCE_2,DEVELOPMENT,SHORT,False,PRICE_OVEREXTENDED,POST_EVENT_ONLY_NO_STRATEGY_ACCESS,-2.328916470982891647098289200,1.671418986917141898691714190,4.788661522978866152297886620,6.761153975176115397517611540,-3.500503186850050318685005000,15.09392821200939282120093928,-5.441965783294196578329419700
2022-06-15T02:59:59.999000+00:00,FUTURES,SHORT,PERSISTENCE_2,DEVELOPMENT,SHORT,False,PRICE_OVEREXTENDED,POST_EVENT_ONLY_NO_STRATEGY_ACCESS,2.617961943205508351398267430,6.748394920223589896926054200,14.53832673028845754532844957,8.138771916710271679997342170,-1.188548077641840879077068700,15.91126172144286912681999020,-4.426947067666674972383491600
2022-05-28T09:59:59.999000+00:00,FUTURES,SHORT,DIRECTIONAL_CLOSE_RELAXED,DEVELOPMENT,SHORT,False,PRICE_OVEREXTENDED,POST_EVENT_ONLY_NO_STRATEGY_ACCESS,-0.254505081561192245281407500,-1.684174566572721837902468200,-2.152190622598001537279016100,-1.540125829134284168872946700,-1.290175648361659122612235600,0.3359239331568309277763543700,-3.016483047228627551456144800
2022-06-14T08:59:59.999000+00:00,FUTURES,SHORT,DIRECTIONAL_CLOSE_RELAXED,DEVELOPMENT,SHORT,False,PRICE_OVEREXTENDED,POST_EVENT_ONLY_NO_STRATEGY_ACCESS,2.308039561702302294086264210,3.614724832765625641236098000,-0.299585504986251898058850100,2.448393318832847703861780280,15.54561497106742725817704272,16.11523782164402675749989740,-4.149054048508228341609553900
2022-06-15T02:59:59.999000+00:00,FUTURES,SHORT,DIRECTIONAL_CLOSE_RELAXED,DEVELOPMENT,SHORT,False,PRICE_OVEREXTENDED,POST_EVENT_ONLY_NO_STRATEGY_ACCESS,2.617961943205508351398267430,6.748394920223589896926054200,14.53832673028845754532844957,8.138771916710271679997342170,-1.188548077641840879077068700,15.91126172144286912681999020,-4.426947067666674972383491600
2022-07-20T02:59:59.999000+00:00,FUTURES,LONG_SHORT,CALIBRATION_BASE,DEVELOPMENT,LONG,False,PRICE_OVEREXTENDED,POST_EVENT_ONLY_NO_STRATEGY_ACCESS,1.023142036188553234449017600,1.438611477828686805933058900,-0.8833579249825269860992467200,3.855064585436566488053635700,-3.676451554451088504051150630,4.838083404519686262328182000,-4.416142476249644068235355030
2022-05-28T09:59:59.999000+00:00,FUTURES,LONG_SHORT,EXTENSION_1_5,DEVELOPMENT,SHORT,False,VOLUME_REJECTED,POST_EVENT_ONLY_NO_STRATEGY_ACCESS,-0.254505081561192245281407500,-1.684174566572721837902468200,-2.152190622598001537279016100,-1.540125829134284168872946700,-1.290175648361659122612235600,0.3359239331568309277763543700,-3.016483047228627551456144800
2022-06-15T02:59:59.999000+00:00,FUTURES,LONG_SHORT,EXTENSION_1_5,DEVELOPMENT,SHORT,False,VOLUME_REJECTED,POST_EVENT_ONLY_NO_STRATEGY_ACCESS,2.617961943205508351398267430,6.748394920223589896926054200,14.53832673028845754532844957,8.138771916710271679997342170,-1.188548077641840879077068700,15.91126172144286912681999020,-4.426947067666674972383491600
2022-07-20T02:59:59.999000+00:00,FUTURES,LONG_SHORT,EXTENSION_1_5,DEVELOPMENT,LONG,False,VOLUME_REJECTED,POST_EVENT_ONLY_NO_STRATEGY_ACCESS,1.023142036188553234449017600,1.438611477828686805933058900,-0.8833579249825269860992467200,3.855064585436566488053635700,-3.676451554451088504051150630,4.838083404519686262328182000,-4.416142476249644068235355030
2022-07-20T03:59:59.999000+00:00,FUTURES,LONG_SHORT,EXTENSION_1_5,DEVELOPMENT,LONG,False,PRICE_OVEREXTENDED,POST_EVENT_ONLY_NO_STRATEGY_ACCESS,0.016655456263412446750584500,0.497101310015694564555907900,-0.7405272092501841709106050400,2.227987572467249607635886100,-4.702604016527337369078504850,3.776304410492937445949841500,-5.384196534383908266871656900
2022-05-28T09:59:59.999000+00:00,FUTURES,LONG_SHORT,EXTENSION_2_0,DEVELOPMENT,SHORT,False,VOLUME_REJECTED,POST_EVENT_ONLY_NO_STRATEGY_ACCESS,-0.254505081561192245281407500,-1.684174566572721837902468200,-2.152190622598001537279016100,-1.540125829134284168872946700,-1.290175648361659122612235600,0.3359239331568309277763543700,-3.016483047228627551456144800
2022-06-14T08:59:59.999000+00:00,FUTURES,LONG_SHORT,EXTENSION_2_0,DEVELOPMENT,SHORT,False,VOLUME_REJECTED,POST_EVENT_ONLY_NO_STRATEGY_ACCESS,2.308039561702302294086264210,3.614724832765625641236098000,-0.299585504986251898058850100,2.448393318832847703861780280,15.54561497106742725817704272,16.11523782164402675749989740,-4.149054048508228341609553900
2022-06-15T02:59:59.999000+00:00,FUTURES,LONG_SHORT,EXTENSION_2_0,DEVELOPMENT,SHORT,False,VOLUME_REJECTED,POST_EVENT_ONLY_NO_STRATEGY_ACCESS,2.617961943205508351398267430,6.748394920223589896926054200,14.53832673028845754532844957,8.138771916710271679997342170,-1.188548077641840879077068700,15.91126172144286912681999020,-4.426947067666674972383491600
2022-07-20T02:59:59.999000+00:00,FUTURES,LONG_SHORT,EXTENSION_2_0,DEVELOPMENT,LONG,False,VOLUME_REJECTED,POST_EVENT_ONLY_NO_STRATEGY_ACCESS,1.023142036188553234449017600,1.438611477828686805933058900,-0.8833579249825269860992467200,3.855064585436566488053635700,-3.676451554451088504051150630,4.838083404519686262328182000,-4.416142476249644068235355030
2022-07-20T03:59:59.999000+00:00,FUTURES,LONG_SHORT,EXTENSION_2_0,DEVELOPMENT,LONG,False,VOLUME_REJECTED,POST_EVENT_ONLY_NO_STRATEGY_ACCESS,0.016655456263412446750584500,0.497101310015694564555907900,-0.7405272092501841709106050400,2.227987572467249607635886100,-4.702604016527337369078504850,3.776304410492937445949841500,-5.384196534383908266871656900
2022-07-20T04:59:59.999000+00:00,FUTURES,LONG_SHORT,EXTENSION_2_0,DEVELOPMENT,LONG,False,VOLUME_REJECTED,POST_EVENT_ONLY_NO_STRATEGY_ACCESS,0.394540482031114897105635700,-1.989355092838705958457961580,1.989995580634211015109107100,-0.2497902402469720939467498400,-4.898450660022673267960879010,3.759022871819177485573012400,-6.341469663295565902991718490
2022-07-20T05:59:59.999000+00:00,FUTURES,LONG_SHORT,EXTENSION_2_0,DEVELOPMENT,LONG,False,PRICE_OVEREXTENDED,POST_EVENT_ONLY_NO_STRATEGY_ACCESS,0.085488079516673365359464600,-2.289039024670328618729545060,2.243105131198683228387146200,-1.436072141731580189732498870,-4.843473878287941714992950420,3.351260311202128270397519600,-6.709538300573535697652905640
2022-07-20T02:59:59.999000+00:00,FUTURES,LONG_SHORT,NO_MINIMUM_DEPTH,DEVELOPMENT,LONG,False,PRICE_OVEREXTENDED,POST_EVENT_ONLY_NO_STRATEGY_ACCESS,1.023142036188553234449017600,1.438611477828686805933058900,-0.8833579249825269860992467200,3.855064585436566488053635700,-3.676451554451088504051150630,4.838083404519686262328182000,-4.416142476249644068235355030
2022-07-20T02:59:59.999000+00:00,FUTURES,LONG_SHORT,VOLUME_RELAXED,DEVELOPMENT,LONG,False,PRICE_OVEREXTENDED,POST_EVENT_ONLY_NO_STRATEGY_ACCESS,1.023142036188553234449017600,1.438611477828686805933058900,-0.8833579249825269860992467200,3.855064585436566488053635700,-3.676451554451088504051150630,4.838083404519686262328182000,-4.416142476249644068235355030
2022-07-20T02:59:59.999000+00:00,FUTURES,LONG_SHORT,VOLATILITY_RELAXED,DEVELOPMENT,LONG,False,PRICE_OVEREXTENDED,POST_EVENT_ONLY_NO_STRATEGY_ACCESS,1.023142036188553234449017600,1.438611477828686805933058900,-0.8833579249825269860992467200,3.855064585436566488053635700,-3.676451554451088504051150630,4.838083404519686262328182000,-4.416142476249644068235355030
2022-06-15T00:59:59.999000+00:00,FUTURES,LONG_SHORT,PERSISTENCE_2,DEVELOPMENT,SHORT,False,PRICE_OVEREXTENDED,POST_EVENT_ONLY_NO_STRATEGY_ACCESS,-2.328916470982891647098289200,1.671418986917141898691714190,4.788661522978866152297886620,6.761153975176115397517611540,-3.500503186850050318685005000,15.09392821200939282120093928,-5.441965783294196578329419700
2022-07-20T02:59:59.999000+00:00,FUTURES,LONG_SHORT,PERSISTENCE_2,DEVELOPMENT,LONG,False,PRICE_OVEREXTENDED,POST_EVENT_ONLY_NO_STRATEGY_ACCESS,1.023142036188553234449017600,1.438611477828686805933058900,-0.8833579249825269860992467200,3.855064585436566488053635700,-3.676451554451088504051150630,4.838083404519686262328182000,-4.416142476249644068235355030
2022-07-20T02:59:59.999000+00:00,FUTURES,LONG_SHORT,DIRECTIONAL_CLOSE_RELAXED,DEVELOPMENT,LONG,False,PRICE_OVEREXTENDED,POST_EVENT_ONLY_NO_STRATEGY_ACCESS,1.023142036188553234449017600,1.438611477828686805933058900,-0.8833579249825269860992467200,3.855064585436566488053635700,-3.676451554451088504051150630,4.838083404519686262328182000,-4.416142476249644068235355030
